Product Name,Current Price,Description,Product URL,Image URL
MSI Crosshair 16 HX AI D2XWGKG – Ultra 9,845000.0,"| – Intel Core Ultra 9 AI 275HX Processor | 
– 1TB PCIe 4.0 NVMe M.2 SSD | 
– 32GB DDR5 5600Mhz RAM | 
– 16” QHD+ (2560×1600), 240Hz, IPS-Level Display | 
– 8GB NVIDIA GeForce RTX 5070 Laptop GDDR7 Graphics | 
– 24-Zone RGB Gaming Keyboard with Copilot Key | 
– Genuine Windows 11 Home 64Bit Pre-installed | 
– MSI Essential Backpack | 
 |",https://www.laptop.lk/product/msi-crosshair-16-hx-ai-d2xwgkg-ultra-9/,https://www.laptop.lk/wp-content/uploads/2025/06/MSI-Crosshair-16-HX-AI-D2XWGKG-Ultra-9-300x300.webp
Asus Zenbook DUO UX8406 – Ultra 9,779000.0,"| – Intel Core Ultra 9 285H Processor | 
– 1TB M.2 NVMe PCIe 4.0 SSD | 
– 32GB LPDDR5X RAM | 
– 14″, 3K (2880 x 1800) OLED 120Hz Touch Display | 
– Intel Arc Graphics | 
– Backlit Soft Keyboard | 
– Genuine Windows 11 Home 64Bit Pre-installed | 
– Microsoft Office Home 2024 | 
 | 
 |",https://www.laptop.lk/product/asus-zenbook-duo-ux8406-ultra-9-2/,https://www.laptop.lk/wp-content/uploads/2024/10/ASUS-Zenbook-DUO-UX8406CA-300x300.jpg
Lenovo Legion 5 15AKP10 Gaming – Ryzen AI 7,650000.0,"| – AMD Ryzen AI 7 350 Processor | 
– Integrated AMD Ryzen AI, up to 50 TOPS | 
– AI-Powered Gaming PC | 
– 512GB M.2 2242 PCIe 4.0×4 NVMe SSD | 
– 32GB SO-DIMM DDR5-5600 RAM | 
– 15.1″ WQXGA (2560×1600) OLED, 165Hz Display | 
– 8GB NVIDIA GeForce RTX 5070 GDDR7 Graphics | 
– Windows 11 Home | 
 |",https://www.laptop.lk/product/lenovo-legion-5-15akp10-gaming-ryzen-ai-7/,https://www.laptop.lk/wp-content/uploads/2025/08/Lenovo-Legion-5-15AKP10-Gaming-Ryzen-AI-7-300x300.jpg
MSI Summit 16 AI Evo 2 in 1 A2HMTG – Ultra 7,621000.0,"| – Intel Core Ultra 7 processor | 
– 1TB Gen4 NVMe SSD | 
– 32GB DDR5 LPDDR5-6400 RAM | 
– 16”, QHD+ (2560×1600), 165Hz Touchscreen Display | 
– Intel Arc Graphics | 
– Single Backlit Keyboard | 
– Windows 11 Home | 
 |",https://www.laptop.lk/product/msi-summit-16-ai-evo-a2hmtg-ultra-7/,https://www.laptop.lk/wp-content/uploads/2025/10/MSI-Summit-16-AI-Evo-A2HMTG-Ultra-7-300x300.jpg
Lenovo Legion 5 15AKP10 Gaming – Ryzen AI 7,615000.0,"| – AMD Ryzen AI 7 350 Processor | 
– Integrated AMD Ryzen AI, up to 50 TOPS | 
– AI-Powered Gaming PC | 
– 512GB M.2 2242 PCIe 4.0×4 NVMe SSD | 
– 32GB SO-DIMM DDR5-5600 RAM | 
– 15.1″ WQXGA (2560×1600) OLED, 165Hz Display | 
– 8GB NVIDIA GeForce RTX  | 5060  | GDDR7 Graphics | 
– Windows 11 Home | 
 |",https://www.laptop.lk/product/lenovo-legion-5-15akp10-gaming-ryzen-ai-7-2/,https://www.laptop.lk/wp-content/uploads/2025/08/Lenovo-Legion-5-15AKP10-Gaming-Ryzen-AI-7-1-300x300.jpg
MSI Cyborg 15 B2RWFKG – Core 7,575000.0,"| – Intel Core 7 240H Processor | 
– 1TB NVMe SSD | 
– 16GB DDR5 4800MHZ RAM | 
– 15.6″ Full HD (1920×1080), 144Hz Display | 
– 8GB NVIDIA GeForce RTX 5060 Graphics | 
– Windows 11 Home | 
 |",https://www.laptop.lk/product/msi-cyborg-15-b2rwfkg-core-7/,https://www.laptop.lk/wp-content/uploads/2025/07/MSI-Cyborg-15-B2RWFKG-Core-7-300x300.jpg
MSI Katana 15 B14WEK Intel – i7,545000.0,"| – Intel Core i7 14650HX Processor | 
– 1TB PCIe 4.0 NVMe M.2 SSD | 
– 16GB DDR5 5600Mhz RAM | 
– 15.6″ QHD (2560×1440), 165Hz, IPS-Level Display | 
– 8GB NVIDIA GeForce RTX 5050GB Graphics | 
– 4-Zone RGB Gaming Keyboard with Copilot Key | 
– Genuine Windows 11 Home 64Bit Pre-installed | 
– MSI Essential Backpack | 
 |",https://www.laptop.lk/product/msi-katana-15-b14wek-intel-i7/,https://www.laptop.lk/wp-content/uploads/2025/06/MSI-Katana-15-B14WEK-Intel-i9-300x300.jpg
MSI Cyborg 15 B2RWEKG Gaming – Core 7,529000.0,"| – Intel Core 7 240H processor | 
– 1TB PCI Gen4 NVMe SSD | 
– 16GB DDR5 4800MHZ RAM | 
– 15.6″ FHD 144Hz, IPS-level Display | 
– 8GB NVIDIA GeForce RTX 5050 GDDR7 440 AI TOPS GPU | 
– 4-Zone RGB Gaming Keyboard with Copilot Key | 
– Windows 11 Home | 
 |",https://www.laptop.lk/product/msi-cyborg-15-b2rwekg-gaming-core-7/,https://www.laptop.lk/wp-content/uploads/2025/07/MSI-Cyborg-15-B2RWEKG-Gaming-1-300x300.jpg
Dell Latitude 7430 – i5,520000.0,"| – Intel Core i5-1235U Processor | 
– 8GB DDR4 3200MHz RAM | 
– 512GB NVMe SSD | 
– 14″ FHD  (1920 x 1080) Display | 
– Intel UHD Graphics | 
– Windows 10 Pro | 
 |",https://www.laptop.lk/product/dell-latitude-7430/,https://www.laptop.lk/wp-content/uploads/2023/03/Dell_Latitude_7430_-_i5-300x300.webp
Asus Vivobook S 15 S5507 -Snapdragon X Plus X1P,459500.0,"| – Snapdragon X Plus X1P 42 100 Processor | 
– 1TB M.2 NVMe PCIe 4.0 SSD | 
– 16GB LPDDR5X RAM | 
– 15.6″, 3K (2880 x 1620) OLED Display | 
– Qualcomm Adreno GPU Graphics | 
– Backlit keyboard | 
– Windows 11 Home | 
– Microsoft Office Home | 
– Student 2021 | 
 | 
 |   | 
 |   | 
 |   | 
 |",https://www.laptop.lk/product/asus-vivobook-s-15-s5507-snapdragon-x-plus-x1p/,https://www.laptop.lk/wp-content/uploads/2024/09/Asus-Vivobook-S-15-S5507-Snapdragon-X-Plus-X1P-300x300.jpg
MSI Cyborg Gaming 15 AI A1VEK – Ultra 7,440000.0,"| – Intel Core Ultra 7 155H Processor | 
– 512GB M.2 PCIe NVMe SSD | 
– 16GB DDR5 4800MHZ RAM | 
– 15.6″, FHD (1920×1080), 144Hz IPS Display | 
– 6GB NVIDIA GeForce RTX 4050 Graphics | 
– 4-Zone RGB Gaming Keyboard | 
– Windows 11 Home | 
 |",https://www.laptop.lk/product/msi-cyborg-gaming-15-ai-a1vek-ultra-7/,https://www.laptop.lk/wp-content/uploads/2024/06/MSI-Cyborg-Gaming-15-AI-A1VEK-–-Ultra-7-300x300.webp
Lenovo Yoga 7 2-in-1 14AKP10 – Ryzen AI 7,439000.0,"| – AMD Ryzen AI 7 350 Processor | 
– AMD Ryzen AI, up to 50 TOPS | 
– 1TB M.2 2242 PCIe NVMe SSD | 
– 32GB LPDDR5x-7500 RAM | 
– 14″ WUXGA (1920×1200) OLED 600nits Touch Display | 
– AMD Radeon 860M Graphics | 
– Backlit, English Keyboard | 
– Windows 11 Home | 
– Office Home 2024 | 
 |",https://www.laptop.lk/product/lenovo-yoga-7-2-in-1-14akp10-ryzen-ai-7-2/,https://www.laptop.lk/wp-content/uploads/2025/06/Lenovo-Yoga-7-2-in-1-14AKP10-–-Ryzen-AI-7-300x300.jpg
Lenovo IdeaPad Pro 5 Creator 16AHP9 – Ryzen 7 (16GB),435000.0,"| – AMD AI integrated Ryzen 7 8845HS | 
– 1TB SSD M.2 2242 PCIe NVMe | 
– 16GB LPDDR5x-6400 RAM | 
– 16″ 2K, 120Hz, OLED Display | 
– 6GB NVIDIA GeForce RTX 3050 Graphics | 
– Backlit With English Keyboard | 
– Windows 11 Home | 
 |",https://www.laptop.lk/product/lenovo-ideapad-pro-5-creator-16ahp9-ryzen-7-2/,https://www.laptop.lk/wp-content/uploads/2022/08/Lenovo-IdeaPad-Pro-5-Creator-16AHP9-Ryzen-7-16GB-300x300.jpg
Dell 5525 G15 Gaming – Ryzen 5,425000.0,"| – AMD Ryzen 5 – 6600H Processor | 
– 8GB DDR5 4800MHz RAM | 
– 512GB, M.2, PCIe SSD | 
– GeForce RTX 3050, 4GB Graphics | 
– 15.6″, FHD, 120Hz Refresh Rate Display | 
– Dark Shadow Grey Color | 
– Windows 11 Home | 
– Microsoft Office Home and Student 2021 | 
 |",https://www.laptop.lk/product/dell-5525-g15-gaming-laptop-ryzen-5/,https://www.laptop.lk/wp-content/uploads/2023/04/Dell-5525-G15-Gaming-Ryzen-5-1-300x300.webp
Lenovo LOQ Gaming 15AHP10 – Ryzen 7,395000.0,"| – AMD Ryzen 7 AI 250 Processor | 
– Integrated AMD Ryzen AI | 
– 512GB M.2 2242 PCIe 4.0×4 NVMe SSD | 
– 16GB DDR5-5600 RAM | 
– 15.6″ FHD (1920×1080) IPS 100% sRGB, 144Hz Display | 
– 8GB NVIDIA GeForce RTX 5050 2662MHz, TGP 100W, 440 AI TOPS Graphics | 
– White Backlit English Keyboard | 
– Windows 11 Home | 
 |",https://www.laptop.lk/product/lenovo-loq-gaming-15ahp10-ryzen-7/,https://www.laptop.lk/wp-content/uploads/2025/09/LOQ-15AHP10-300x300.jpg
HP EliteBook 8 G1i 14 – Ultra 7,385000.0,"| – Intel Core Ultra 7 255H Processor | 
– 512GB PCIe NVMe SSD | 
– 16GB DDR5-5600 MT/s RAM | 
– 14″ diagonal, WUXGA (1920 x 1200), IPS Display | 
– Intel Graphics | 
– Backlit keyboard | 
 |",https://www.laptop.lk/product/hp-elitebook-8-g1i-14-ultra-7/,https://www.laptop.lk/wp-content/uploads/2026/01/HP-EliteBook-8-G1i-14-–-Ultra-7-4-1-300x300.jpg
Lenovo Yoga 7 2-in-1 14AKP10 – Ryzen AI 5,373000.0,"| – AMD Ryzen AI 5 340 Processor | 
– AMD Ryzen AI, up to 50 TOPS | 
– 1TB M.2 2242 PCIe NVMe SSD | 
– 16GB LPDDR5-6400 RAM | 
– 14″ WUXGA (1920×1200) OLED 600nits Touch Display | 
– AMD Radeon 840M Graphics | 
– Backlit, English Keyboard | 
– Windows 11 Home | 
– Office Home 2024 | 
 |",https://www.laptop.lk/product/lenovo-yoga-7-2-in-1-14akp10-ryzen-ai-5-2/,https://www.laptop.lk/wp-content/uploads/2025/06/Lenovo-Yoga-7-2-in-1-14AKP10-–-Ryzen-AI-5-1-300x300.jpg
Lenovo LOQ Gaming 15AHP10 –  Ryzen 5,369000.0,"| – AMD Ryzen 5 AI 220 Processor | 
– Integrated AMD Ryzen AI | 
– 512GB M.2 2242 PCIe 4.0×4 NVMe SSD | 
– 16GB DDR5-5600 RAM | 
– 15.6″ FHD (1920×1080) IPS 100% sRGB, 144Hz Display | 
– 8GB NVIDIA GeForce RTX 5050 2662MHz, TGP 100W, | 
440 AI TOPS Graphics | 
– White Backlit English Keyboard | 
– Windows 11 Home | 
 |",https://www.laptop.lk/product/lenovo-loq-gaming-15ahp10-ryzen-5/,https://www.laptop.lk/wp-content/uploads/2025/08/Lenovo-LOQ-Gaming-15AHP10-Ryzen-5-300x300.jpg
HP ProBook 4 G1i 14 – Ultra 7,345000.0,"| – Intel Core Ultra 7 255H Processor | 
– 512GB PCIe NVMe SSD | 
– 16GB DDR5-5600 MT/s RAM | 
– 14″ diagonal, WUXGA (1920 x 1200), IPS Display | 
– Intel Graphics | 
– Backlit keyboard | 
 |",https://www.laptop.lk/product/hp-probook-4-g1i-14-ultra-7/,https://www.laptop.lk/wp-content/uploads/2025/12/HP-ProBook-4-G1i-14-–-Ultra-7-300x300.png
HP EliteBook 6 G1i 14 – Ultra 5,340000.0,"| – Intel Core Ultra 5 235H Processor | 
– 512GB PCIe NVMe SSD | 
– 16GB DDR5-5600 MT/s RAM | 
– 14″ diagonal, WUXGA (1920 x 1200), IPS Display | 
– Intel Graphics | 
– Backlit keyboard | 
 |",https://www.laptop.lk/product/hp-elitebook-6-g1i-14-ultra-5/,https://www.laptop.lk/wp-content/uploads/2026/01/HP-EliteBook-6-G1i-14-–-Ultra-5-2-hy-300x300.jpg
Asus Vivobook S14 S3407QA – Snapdragon,329000.0,"| – Snapdragon X X1 26100 AI Processor | 
– 1TB M.2 NVMe PCIe 4.0 SSD | 
– 16GB LPDDR5X RAM | 
– 14″, 2.5K (2560 x 1600, WQXGA) IPS Display | 
– Qualcomm Adreno GPU | 
– Backlit Chiclet Keyboard | 
– Windows 11 Home | 
 | 
 |",https://www.laptop.lk/product/asus-vivobook-s14-s3407qa-snapdragon/,https://www.laptop.lk/wp-content/uploads/2025/08/Asus-Vivobook-S14-S3407QA-Snapdragon-300x300.jpg
MSI Cyborg 15 A2RUDX Gaming – Core 5,326000.0,"| – Intel Core 5 – 210H Processor | 
– 1TB M.2 NVMe PCIe GEN4 SSD | 
– 16GB DDR5  | 4800MHZ  | RAM | 
– 15.6″, FHD, 144Hz Refresh Rate Display | 
– 6GB NVIDIA GeForce RTX 3050 Graphics | 
– Single Backlit Keyboard | 
 |",https://www.laptop.lk/product/msi-cyborg-15-a2rudx-gaming-core-5-2/,https://www.laptop.lk/wp-content/uploads/2025/07/MSI-Cyborg-15-A2RUDX-Gaming-–-Core-5-300x300.jpg
MSI Thin A15 B7UC 630XLK – Ryzen 7,314500.0,"| – AMD Ryzen 7 7735HS Processor | 
– 512GB PCIe NVMe M.2 SSD | 
– 16GB DDR5-4800 RAM | 
– 15.6″ FHD (1920×1080), 144Hz Display | 
– 4GB NVIDIA GeForce RTX 3050 Graphics | 
– Single Backlit Keyboard | 
 |",https://www.laptop.lk/product/msi-thin-a15-b7uc-630xlk-ryzen-7/,https://www.laptop.lk/wp-content/uploads/2025/10/MSI-Thin-A15-B7UC-631XLK-LAPTOP-2-300x300.jpg
HP ProBook 440 14 inch G11 – Ultra 7,305000.0,"| – Intel Core Ultra 7 155U Processor | 
– 512GB PCIe NVMe SSD | 
– 8GB DDR5-5600 MT/s RAM | 
– 14″ diagonal, WUXGA (1920 x 1200), Display | 
– Intel Graphics | 
– Fingerprint sensor | 
– Pike silver Color | 
 |",https://www.laptop.lk/product/hp-probook-440-14-inch-g11-ultra-7/,https://www.laptop.lk/wp-content/uploads/2025/07/HP-ProBook-440-14-inch-G11-Ultra-7-300x300.jpg
MSI Cyborg 15 Gaming A13UDX – i5,300000.0,"| – Intel Core i5-13420H Processor | 
– 1TB NVMe PCIe SSD | 
– 16GB DDR5 4800MHZ RAM | 
– 15.6″ FHD (1920×1080), 144Hz, IPS Display | 
– 6GB NVIDIA GeForce RTX 3050 Graphics | 
– Single Backlit Keyboard | 
– Translucent Black Color | 
 |",https://www.laptop.lk/product/msi-cyborg-15-gaming-a13udx-i5/,https://www.laptop.lk/wp-content/uploads/2025/07/MSI-CYBORG-15-A13UDX-LAPTOP-1-300x300.jpg
MSI Cyborg 15 Gaming A13UC- i7,299000.0,"| – Intel Core i7-13620H Processor | 
– 512GB NVMe PCIe SSD | 
– 16GB DDR5 5200MHz RAM | 
– 15.6″ FHD (1920×1080), 144Hz, IPS Display | 
– 4GB NVIDIA GeForce RTX 3050 Graphics | 
– Single Backlit Keyboard | 
– FreeDOS | 
 |",https://www.laptop.lk/product/msi-cyborg-15-gaming-a13uc-i7/,https://www.laptop.lk/wp-content/uploads/2025/07/MSI-CYBORG-15-A13UC-LAPTOP-300x300.jpg
Asus TUF Gaming A15 FA506NCG – Ryzen 7,292000.0,"| – AMD Ryzen 7 7445HS Processor | 
– 512GB NVMe PCIe 4.0 M.2 SSD | 
– 16GB DDR5-5600 RAM | 
– 15.6″ (1920×1200) IPS-level, 144Hz Display | 
– 4GB NIDIA GeForce RTX 3050 Graphics | 
– Backlit Chiclet Keyboard | 
– Windows 11 Home | 
 | 
 |",https://www.laptop.lk/product/asus-tuf-gaming-a16-fa506ncg-ryzen-7/,https://www.laptop.lk/wp-content/uploads/2025/11/Asus-TUF-Gaming-A16-FA506NCG-–-Ryzen-7-300x300.jpg
Lenovo IdeaPad Slim 5 14AKP10 – Ryzen AI 5,289000.0,"| – AMD Ryzen AI 5 330 Processor | 
– Integrated AMD Ryzen AI, up to 50 TOPS | 
– 512GB M.2 2242 PCIe 4.0×4 NVMe SSD | 
– 16GB SO-DIMM DDR5-5600 RAM | 
– 14″ WUXGA (1920×1200) IPS 300nits Display | 
– AMD Radeon 820M Graphics | 
– Backlit, English Keyboard | 
– Windows 11 Home | 
 |",https://www.laptop.lk/product/lenovo-ideapad-slim-5-14akp10-ryzen-ai-5/,https://www.laptop.lk/wp-content/uploads/2025/04/Lenovo-IdeaPad-Slim-5-14AKP10-6-300x300.jpg
MSI Thin A15 B7UC 631XLK – Ryzen 5,287500.0,"| – AMD Ryzen 5 7535HS Processor | 
– 512GB PCIe NVMe M.2 SSD | 
– 16GB DDR5-4800 RAM | 
– 15.6″ FHD (1920×1080), 144Hz Display | 
– 4GB NVIDIA GeForce RTX 3050 Graphics | 
– Single Backlit Keyboard | 
 |",https://www.laptop.lk/product/msi-thin-a15-b7uc-631xlk-ryzen-5/,https://www.laptop.lk/wp-content/uploads/2025/10/MSI-Thin-A15-B7UC-631XLK-LAPTOP-3-300x300.jpg
HP ProBook 4 G1i 16 – Ultra 5,285000.0,"| – Intel Core Ultra 5 225H Processor | 
– 512GB PCIe NVMe SSD | 
– 8GB DDR5-5600 MT/s RAM | 
– 16″ diagonal, WUXGA (1920 x 1200), touch IPS Display | 
– Intel Graphics | 
– Backlit keyboard | 
 |",https://www.laptop.lk/product/hp-probook-4-g1i-16-ultra-5/,https://www.laptop.lk/wp-content/uploads/2025/12/HP-ProBook-4-G1i-16-–-Ultra-5-300x300.jpg
Asus Vivobook 15 X1504VAP BQ765WS – Core 7,284000.0,"| – Intel Core 7 150U Processor | 
– 512GB NVME M.2 SSD | 
– 16GB DDR4 3200Mhz RAM | 
– 15.6″, FHD, (1920×1080) 250nits Display | 
– Intel UHD Graphics | 
– Backlit Chiclet Keyboard | 
– Windows 11 Home | 
 | 
 |",https://www.laptop.lk/product/asus-vivobook-15-x1504vap-bq765ws-core-7/,https://www.laptop.lk/wp-content/uploads/2026/02/Asus-Vivobook-15-X1504VAP-core-7-300x300.jpg
MSI Modern 15 B12M – i5,284000.0,"| – Intel Core i5 – 1235U Processor | 
– 8GB DDR4 3200MHZ RAM | 
– 512GB NVME M.2 SSD | 
– 15.6”, FHD, IPS-Level Display | 
– Intel Iris Xe Graphics | 
– Backlight Keyboard | 
– Windows 11 Home | 
 |",https://www.laptop.lk/product/msi-modern15-b12m/,https://www.laptop.lk/wp-content/uploads/2023/12/MSI-Modern-15-B12M-–-i5-300x300.webp
HP ProBook 4 G1i 14 – Ultra 5,282000.0,"| – Intel Core Ultra 5 225U Processor | 
– 512GB PCIe NVMe SSD | 
– 8GB DDR5-5600 MT/s RAM | 
– 14″ diagonal, WUXGA (1920 x 1200), IPS Display | 
– Intel Graphics | 
– Backlit keyboard | 
 |",https://www.laptop.lk/product/hp-probook-4-g1i-14-ultra-5/,https://www.laptop.lk/wp-content/uploads/2026/01/HP-ProBook-4-G1i-14-–-Ultra-5-300x300.jpg
Lenovo IdeaPad Slim 3 15IRH10 – i7,279000.0,"| – Intel Core i7-13620H Processor | 
– 512GB M.2 2242 PCIe NVMe SSD | 
– 16GB DDR5-4800 RAM | 
– 15.3″ WUXGA (1920×1200) IPS Display | 
– Intel UHD Graphics | 
– Luna Grey Color | 
 |",https://www.laptop.lk/product/lenovo-ideapad-slim-3-15irh10-i7-4/,https://www.laptop.lk/wp-content/uploads/2026/01/Lenovo-IdeaPad-Slim-3-15IRH10-–-i7-300x300.jpg
HP ProBook 460 16″ G11 – Ultra 5,275000.0,"| – Intel Core Ultra 5 125H Processor | 
– 512GB PCIe NVMe SSD | 
– 8GB DDR5-5600 MT/s RAM | 
– 16” diagonal, WUXGA (1920 x 1200), Display | 
– Intel Graphics | 
– Pike silver Color | 
–  | Free HP Renew Business 17.3 Backpack | 
 | 
 |",https://www.laptop.lk/product/hp-probook-460-16inch-g11-ultra-5/,https://www.laptop.lk/wp-content/uploads/2025/02/HP-ProBook-460-16inch-G11-–-Ultra-5-300x300.webp
MSI Cyborg 15 Gaming A13UC- i5,273000.0,"| – Intel Core i5-13420H Processor | 
– 512GB NVMe PCIe SSD | 
– 16GB DDR5 5200MHz RAM | 
– 15.6″ FHD (1920×1080), 144Hz, IPS Display | 
– 4GB NVIDIA GeForce RTX 3050 Graphics | 
– Single Backlit Keyboard | 
 |",https://www.laptop.lk/product/msi-cyborg-15-gaming-a13uc-i5/,https://www.laptop.lk/wp-content/uploads/2025/07/MSI-CYBORG-15-A13UC-LAPTOP-1-300x300.jpg
Acer Nitro V15 ANV15-52-57BB – i5,269000.0,"| – Intel Core i5-13420H Processor | 
– 512GB M.2 NVMe PCIe Gen4 SSD | 
– 16GB DDR4-3200 RAM | 
– 15.6″ FHD (1920×1080), 165Hz Display | 
– 8GB NVIDIA GeForce RTX 5050 GDDR7 | 
– Backlight Keyboard | 
– Windows 11 Home | 
 |",https://www.laptop.lk/product/acer-nitro-v15-anv15-52-57bb-i5/,https://www.laptop.lk/wp-content/uploads/2026/02/Acer-Nitro-V15-ANV15-52-57BB-i5-300x300.jpg
HP Victus 15 Gaming FA2277TX- i5,255000.0,"| – Intel Core i5-13420H Processor | 
– 512GB PCIe Gen4 NVMe M.2 SSD | 
– 8GB DDR4-3200 MT/s RAM | 
– 15.6″, FHD (1920 x 1080), 144 Hz IPS Display | 
–  | 4GB  | NVIDIA GeForce RTX 2050 Graphics | 
– Full-size, Backlit Keyboard | 
– Genuine Windows 11 Home | 
 |",https://www.laptop.lk/product/hp-victus-15-gaming-fa2277tx-i5-2/,https://www.laptop.lk/wp-content/uploads/2025/11/HP-Victus-15-Gaming-i5-5-300x300.jpg
Dell Inspiron 5620 – i5,252000.0,"| – Intel Core i5 – 1235U Processor | 
– 8GB DDR4 3200MHz RAM | 
– 256GB PCIe NVMe SSD | 
– Intel UHD Graphics | 
– 16″, FHD (1920 x 1200) Display | 
– Windows 11 Home | 
– Platinum Silver Color | 
 |",https://www.laptop.lk/product/dell-inspiron-5620-i5/,https://www.laptop.lk/wp-content/uploads/2023/10/Dell-Inspiron-5620-–-i5-1-300x300.webp
HP Victus Gaming 15 Fb3166AX – Ryzen 5,250000.0,"| – AMD Ryzen 5 8645HS Processor | 
– 512GB PCIe Gen4 NVMe M.2 SSD | 
– 8GB DDR5-5600 RAM | 
– 15.6″, FHD (1920 x 1080), 144 Hz Display | 
– 4GB NVIDIA GeForce RTX 2050 Graphics | 
– Full-size Backlit keyboard | 
– Windows 11 Home | 
 |",https://www.laptop.lk/product/hp-victus-gaming-15-fb3166ax-ryzen-5/,https://www.laptop.lk/wp-content/uploads/2025/11/HP-Victus-Gaming-15-fb3166AX-Ryzen-5-300x300.jpg
HP Victus 15 fa1393TX Gaming – i5,250000.0,"| – Intel Core i5-13420H Processor | 
– 512GB M.2 NVMe SSD | 
– 8GB DDR4 3200MHz RAM | 
– 15.6″, FHD 1920 x 1080, 144Hz IPS Display | 
– 4GB NVIDIA GeForce RTX 2050 Graphics | 
– Full-size, Backlit, mica silver keyboard | 
– Windows 11 Home | 
 |",https://www.laptop.lk/product/hp-victus-15-fa1393tx-gaming-i5/,https://www.laptop.lk/wp-content/uploads/2025/05/HP-Victus-15-fa1393TX-Gaming-–-i5-300x300.jpg
Asus Vivobook 16 X1607QA MB074WS – Snapdragon,245000.0,"| – Snapdragon X X1 26 100 Processor | 
– 512GB M.2 NVMe PCIe 4.0 SSD | 
– 16GB LPDDR5X RAM | 
– 16″, WUXGA (1920 x 1200) IPS Display | 
– Qualcomm Adreno GPU | 
– Cool Silver Color | 
– Windows 11 Home | 
 | 
 |",https://www.laptop.lk/product/asus-vivobook-16-x1607qa-mb074ws-snapdragon/,https://www.laptop.lk/wp-content/uploads/2025/07/Asus-Vivobook-16-X1607QA-MB074WS-–-i5-300x300.jpg
Asus Vivobook F1605VA-BS74-  i7,239000.0,"| – Intel Core i7-13620H Processor | 
– 512GB M.2 NVMe PCIe SSD | 
– 16GB DDR4 RAM | 
– 16″ WUXGA (1920×1200) Display | 
– Intel Graphics | 
– Backlit Keyboard | 
– Windows 11 Home | 
 |",https://www.laptop.lk/product/asus-vivobook-f1605va-bs74-i7/,https://www.laptop.lk/wp-content/uploads/2026/02/Asus-Vivobook-F1605VA-WS74-i7-1-300x300.jpg
Lenovo IdeaPad Slim 3 15IRH10R – Core 5,239000.0,"| – Intel Core 5 210H Processor | 
– 512GB M.2 PCIe NVMe SSD | 
– 16GB SODIMM DDR5-4800 RAM | 
– 15.3″ WUXGA (1920×1200) IPS Display | 
– Intel Graphics | 
– English Keyboard | 
 |",https://www.laptop.lk/product/lenovo-ideapad-slim-3-15irh10r-core-5-2/,https://www.laptop.lk/wp-content/uploads/2026/01/Lenovo-IdeaPad-Slim-3-15IRH10R-gr-300x300.jpg
Asus Vivobook 16 X1605VA MB5656WS – i5,232000.0,"| – Intel Core i5-13420H Processor | 
– 512GB M.2 NVMe PCIe SSD | 
– 16GB DDR4 RAM | 
– 16″, WUXGA (1920 x 1200), 60Hz IPS Display | 
– Intel UHD Graphics | 
– Cool Silver | 
– Windows 11 Home | 
– Office Home 2024 | 
 | 
 |",https://www.laptop.lk/product/asus-vivobook-16-x1605va-mb5656ws-i5/,https://www.laptop.lk/wp-content/uploads/2025/07/Asus-Vivobook-16-X1605VA-MB5656WS-–-i5-1-300x300.jpg
Asus Vivobook F1605VA-WS74 –  i7,229000.0,"| – Intel Core i7-1355U Processor | 
– 512GB M.2 NVMe PCIe SSD | 
– 16GB DDR4 RAM | 
– 16″ WUXGA (1920×1200) Display | 
– Intel Graphics | 
– Backlit Keyboard | 
– Finger Print | 
– Windows 11 Home | 
 |",https://www.laptop.lk/product/asus-vivobook-f1605va-ws74-i7/,https://www.laptop.lk/wp-content/uploads/2026/02/Asus-Vivobook-F1605VA-WS74-i7-300x300.jpg
Dell 15 DC15250 Essential – i5,215000.0,"| – Intel Core i5-1334U Processor | 
– 512GB, M.2, PCIe NVMe, SSD | 
– 8GB DDR4 2666 MHz RAM | 
– 15.6″ FHD (1920 x 1080) 120Hz Display | 
– Intel UHD Graphics | 
– Carbon Black | 
– Windows 11 Home | 
 |",https://www.laptop.lk/product/dell-15-dc15250-essential-i5/,https://www.laptop.lk/wp-content/uploads/2026/01/Dell-15-DC15250-i5-2-v-300x300.jpg
HP 15 Notebook Core 5,209000.0,"| – Intel Core 5 120U Processor | 
– 512GB PCIe NVMe M.2 SSD | 
– 8GB DDR4 RAM | 
– 15.6″, FHD (1920 x 1080) Display | 
– Intel Graphics | 
– Natural silver | 
– Windows 11 Home | 
 |",https://www.laptop.lk/product/hp-15-notebook-15-core-5/,https://www.laptop.lk/wp-content/uploads/2025/10/HP-15-fd1228TU-15-–-Core-5-300x300.jpg
Asus Vivobook 15 X1504VAP NJ5850W – Core 5,205000.0,"| – Intel Core 5 – 120U Processor | 
– 512GB NVME M.2 SSD | 
– 8GB DDR4 RAM | 
– 15.6″, FHD, (1920×1080) 250nits Display | 
– Intel UHD Graphics | 
– Backlit Chiclet Keyboard | 
– Windows 11 Home | 
 | 
 |",https://www.laptop.lk/product/asus-vivobook-15-x1504vap-core-5-2/,https://www.laptop.lk/wp-content/uploads/2025/07/Asus-Vivobook-15-X1504VAP-–-Core-5-300x300.jpg
Asus ExpertBook B1 B1503CVA – i7,197000.0,"| – Intel Core i7-1355U Processor | 
– 512GB M.2 2280 NVMe PCIe 4.0 SSD | 
– 8GB DDR5 SO-DIMM RAM | 
– 15.6″, FHD (1920 x 1080) Display | 
– Intel UHD Graphics | 
– Chiclet Keyboard | 
– Gentle Grey Color | 
 |",https://www.laptop.lk/product/asus-expertbook-b1-b1503cva-i7/,https://www.laptop.lk/wp-content/uploads/2025/09/Asus-ExpertBook-B1-B1503CVA-i7-300x300.jpg
Asus Vivobook Go 15 E1504FA – Ryzen 5,195000.0,"| – AMD Ryzen 5 7520U Processor | 
– 512GB M.2 NVMe PCIe 3.0 SSD | 
– 16GB LPDDR5 RAM | 
– 15.6″, FHD (1920 x 1080), IPS Display | 
– AMD Radeon Graphics | 
– Backlit Chiclet Keyboard | 
– Windows 11 Home | 
 | 
 |",https://www.laptop.lk/product/asus-vivobook-go-15-e1504fa-ryzen-5-2/,https://www.laptop.lk/wp-content/uploads/2026/02/Asus-Vivobook-Go-15-E1504FA-–-Ryzen-5-300x300.jpg
HP 15-fd0688TU – i5,195000.0,"| – Intel Core i5 – 1334U Processor | 
– 512GB PCIe NVMe M.2 SSD | 
– 8GB DDR4-3200 RAM | 
– 15.6″, FHD (1920 x 1080) Display | 
– Intel Graphics | 
– Natural silver | 
– Windows 11 Home | 
 |",https://www.laptop.lk/product/hp-15-fd0688tu-i5/,https://www.laptop.lk/wp-content/uploads/2025/10/HP-15-fd0688TU-–-i5-300x300.jpg
Asus ExpertBook P1503CVA – Core 5,189000.0,"| – Intel Core 5 210H Processor | 
– 512GB M.2 NVMe PCIe SSD | 
– 8GB DDR5 SO-DIMM RAM | 
– 15.6″, FHD (1920 x 1080) Display | 
– Intel UHD Graphics | 
– Misty Grey Color | 
 |",https://www.laptop.lk/product/asus-expertbook-p1503cva-core-5/,https://www.laptop.lk/wp-content/uploads/2026/02/ASUS-EXPERTBOOK-P1503CVA--300x300.jpg
Asus Vivobook 14 X1404 – i7,189000.0,"| – Intel Core i7-1355U Processor | 
– 512GB M.2 NVMe PCIe 4.0 SSD | 
–  | 8GB  | DDR4 RAM | 
– 14″, FHD (1920 x 1080) Display | 
– Intel UHD Graphics | 
 |",https://www.laptop.lk/product/asus-vivobook-14-x1404-i7/,https://www.laptop.lk/wp-content/uploads/2025/07/Asus-Vivobook-14-X1404-i7-300x300.jpg
MSI Modern 15 F13MG – i5,188000.0,"| –  | Intel Core i5-1334U Processor | 
– 512GB GEN4 NVME M.2 SSD | 
– 8GB DDR4-3200MHz RAM | 
– 15.6″, FHD (1920 x 1080) IPS Display | 
– Intel Graphics | 
 |",https://www.laptop.lk/product/msi-modern-15-f13mg-i5/,https://www.laptop.lk/wp-content/uploads/2025/05/MSI-Modern-15-F13MG-2-300x300.jpg
Acer Aspire Lite 15 AL15-72P – i5,187500.0,"| – Intel Core i5-13500H Processor | 
– 512GB NVME M.2 SSD | 
– 8GB DDR5 RAM | 
– 15″ FHD, (1920×1200), IPS Display | 
– Intel UHD Graphics | 
– Silver Color | 
– Windows 11 Home | 
 |",https://www.laptop.lk/product/acer-aspire-lite-15-al15-72p-i5/,https://www.laptop.lk/wp-content/uploads/2025/09/Acer-Aspire-Lite-15-AL15-72P-i5-300x300.jpg
Lenovo IdeaPad 1 14AMN7 – Ryzen 5,185000.0,"| – AMD Ryzen 5 7520U Processor | 
– 512GB SSD M.2 PCIe NVMe | 
– 16GB LPDDR5-5500 RAM | 
– 14″, FHD Display | 
– AMD Radeon 610M Graphics | 
 |",https://www.laptop.lk/product/lenovo-ideapad-1-14amn7-ryzen-5-2/,https://www.laptop.lk/wp-content/uploads/2026/01/Lenovo-IdeaPad-1-14AMN7-–-Ryzen-5-2-300x300.jpg
Lenovo IdeaPad 1 14AMN7 – Ryzen 5,175000.0,"| – AMD Ryzen 5 7520U Processor | 
– 512GB SSD M.2 PCIe NVMe | 
– 8GB LPDDR5-5500 RAM | 
– 14″, HD (1366×768) Display | 
– AMD Radeon 610M Graphics | 
 |",https://www.laptop.lk/product/lenovo-ideapad-1-14amn7-ryzen-5/,https://www.laptop.lk/wp-content/uploads/2026/01/Lenovo-IdeaPad-1-14AMN7-–-Ryzen-5-300x300.jpg
Asus Vivobook Go 15 E1504FA – Ryzen 5,175000.0,"| – AMD Ryzen 5 7520U Processor | 
– 512GB M.2 NVMe PCIe 3.0 SSD | 
– 8GB LPDDR5 RAM | 
– 15.6″, FHD (1920 x 1080), IPS Display | 
– AMD Radeon Graphics | 
– Backlit Chiclet Keyboard | 
– Windows 11 Home | 
 | 
 |",https://www.laptop.lk/product/asus-vivobook-go-15-e1504fa-ryzen-5/,https://www.laptop.lk/wp-content/uploads/2025/05/Asus-Vivobook-Go-15-E1504FA-Ryzen-5-300x300.jpg
Dell 15 DC15250 – i5 Touch Display,169000.0,"| – Intel Core i5-1334U Processor | 
– 512GB, M.2, PCIe NVMe, SSD | 
– 8GB DDR4 2666 MT/s RAM | 
– 15.6″, FHD, 250 nits  Touch Display | 
– Intel UHD Graphics | 
– Carbon Black | 
– Windows 11 Home | 
 |",https://www.laptop.lk/product/dell-15-dc15250-i5/,https://www.laptop.lk/wp-content/uploads/2025/12/Dell-15-DC15250-i5-300x300.jpg
Hp 15 Notebook – Core 3,165000.0,"| – Intel Core 3 100U Processor | 
– 512GB PCIe NVMe M.2 SSD | 
– 8GB DDR4-3200 MT/s RAM | 
– 15.6″ (1920 x 1080), FHD Display | 
– Intel Graphics | 
– Natural silver | 
– Windows 11 Home | 
 |",https://www.laptop.lk/product/hp-15-notebook-core-3/,https://www.laptop.lk/wp-content/uploads/2025/11/Hp-15-Notebook-–-Core-3-300x300.jpg
Asus Vivobook 15 X1504VA – i3,165000.0,"| – Intel Core i3 – 1315U Processor | 
– 512GB NVME M.2 SSD | 
– 8GB DDR4 3200MHZ RAM | 
– 15.6″, FHD, (1920×1080) IPS Display | 
– Intel UHD Graphics | 
– Backlit keyboard | 
– Windows 11 Home | 
 | 
 |",https://www.laptop.lk/product/asus-vivobook-15-x1504va-i3-5/,https://www.laptop.lk/wp-content/uploads/2025/04/Asus-Vivobook-15-X1504VA-–-i3-1-300x300.jpg
Lenovo IdeaPad Slim 3 15IRU8 – i3,165000.0,"| – Intel Core i3-1305U Processor | 
– 512GB M.2 NVMe SSD | 
– 8GB LPDDR5-4800 RAM | 
– 15.6″ FHD (1920×1080) Display | 
– Intel UHD Graphics | 
– English (EU) Keyboard | 
 |",https://www.laptop.lk/product/lenovo-ideapad-slim-3-15iru8-i3-2/,https://www.laptop.lk/wp-content/uploads/2024/04/Lenovo-IdeaPad-Slim-3-15IRU8-i3-2-300x300.jpg
Lenovo IdeaPad Slim 3 15IAN8 –  i3,159000.0,"| – Intel Core i3 N305 Processor | 
– 512GB SSD M.2 2242 PCIe 4.0×4 NVMe | 
– 8GB LPDDR5-4800 RAM | 
– 15.6″ FHD (1920×1080) TN 250nits Anti-glare Display | 
– Intel UHD Graphics | 
– Arctic Grey Color | 
 |",https://www.laptop.lk/product/lenovo-ideapad-slim-3-15ian8-i3/,https://www.laptop.lk/wp-content/uploads/2025/12/Lenovo-IdeaPad-Slim-3-15IAN8-i3-300x300.jpg
Dell Latitude 3340 – i3,147000.0,"| – Intel Core i3-1315U Processor | 
– 256GB M.2 2230 PCIe NVMe SSD | 
– 8GB LPDDR5, 4800 MT/s RAM | 
– 13.3″ FHD, IPS Display | 
– Intel UHD Graphics | 
– Windows 11 Pro | 
 |",https://www.laptop.lk/product/dell-latitude-1-3340-i3/,https://www.laptop.lk/wp-content/uploads/2026/02/Dell-Latitude-2-in-1-3340-i3-4-300x300.jpg
HP 15-fc0534AU – Ryzen 3,147000.0,"| – AMD Ryzen 3 7320U Processor | 
– 512GB PCIe NVMe M.2 SSD | 
– 8GB DDR5 5500Hz RAM | 
– 15.6″ diagonal, FHD (1920 x 1080) Display | 
– AMD Radeon Graphics | 
– Natural silver color | 
– Windows 11 Home | 
 |",https://www.laptop.lk/product/hp-15-fc0534au-ryzen-3/,https://www.laptop.lk/wp-content/uploads/2025/12/HP-15-fc0534AU-Ryzen-3-300x300.jpg
Dell Latitude 3340 – i3,139000.0,"| – Intel Core i3-1215U Processor | 
– 256GB M.2 2230 PCIe NVMe SSD | 
– 8GB LPDDR5, 4800 MT/s RAM | 
– 13.3″ FHD, IPS Display | 
– Intel UHD Graphics | 
– Windows 11 Pro | 
 |",https://www.laptop.lk/product/dell-latitude-3340-i3/,https://www.laptop.lk/wp-content/uploads/2026/02/Dell-Latitude-2-in-1-3340-i3-4-1-300x300.jpg
Apple MacBook Air (MGN63PA/A),,"| – Apple M1 chip with 8‑core CPU | 
– 8GB Unified RAM | 
– 256GB SSD storage | 
– 13″ Retina Display with True Tone | 
– 30W USB-C Power Adapter | 
– Backlit Magic Keyboard with Touch ID | 
 |",https://www.laptop.lk/product/apple-macbook-air-mgn63pa-a/,https://www.laptop.lk/wp-content/uploads/2023/05/Apple-MacBook-Air-300x300.jpg
Lenovo Legion 9 Gaming 16IRX9 – i9,1345000.0,"| – Intel Core AI integrated i9-14900HX Processor | 
– 2TB (2 x 1TB) SSD M.2 2280 PCIe NVMe | 
– 64GB (2x 32GB) SO-DIMM DDR5-5600 RAM | 
– 16″ 3.2K, 165Hz Dolby Vision Display | 
– 16GB NVIDIA GeForce RTX 4090 Graphics | 
– Per-key RGB Backlit Keyboard | 
– Windows 11 Home | 
 |",https://www.laptop.lk/product/lenovo-legion-9-gaming-16irx9-i9/,https://www.laptop.lk/wp-content/uploads/2024/08/Lenovo-Legion-9-Gaming-16IRX9-i9-300x300.jpg
MSI Vector 16 HX AI A2XWIG – Ultra 9,1160000.0,"| – Intel Core Ultra 9 275HX AI Processor | 
– 1TB NVME GEN4 M.2 SSD | 
– 32GB DDR5 4800MHZ RAM | 
– 16”, QHD+ (2560×1600) 240Hz, IPS-Level Display | 
– 16GB NVIDIA GeForce RTX 5080 Graphics | 
– 24-Zone RGB Gaming Keyboard with Copilot Key | 
– Windows 11 Home | 
 |",https://www.laptop.lk/product/msi-vector-16-hx-ai-a2xwig-ultra-9/,https://www.laptop.lk/wp-content/uploads/2025/05/MSI-Vector-16-HX-AI-A2XWIG-Ultra-9-300x300.jpg
MSI Vector 16 HX A14VGG Gaming – i9,770000.0,"| – Intel Core i9-14900HX Processor | 
– 1TB NVMe Gen4x4 SSD | 
– 32GB DDR5 5600MHz RAM | 
– 16″ QHD+(2560 x 1600), 240Hz IPS Display | 
– 8GB NVIDIA GeForce RTX 4070 Graphics | 
– Per-Key RGB gaming keyboard | 
– Windows 11 Home | 
 |",https://www.laptop.lk/product/msi-vector-16-hx-a14vgg-gaming-i9/,https://www.laptop.lk/wp-content/uploads/2024/06/MSI-Vector-16-HX-A14VGG-Gaming-i9-300x300.webp
Lenovo Yoga Book 9 13IRU8 – i7,725000.0,"| – Intel Core i7-1355U Processor | 
– 1TB M.2 PCIe NVMe SSD | 
– 16GB Soldered LPDDR5x-6400 RAM | 
– 13.3″, 2.8K OLED 400nits, 60Hz Touch Display | 
– Intel Iris Xe Graphics | 
– Windows 11 Home | 
– Office Home & Student 2021 | 
 |",https://www.laptop.lk/product/lenovo-yoga-book-9-13iru8-i7/,https://www.laptop.lk/wp-content/uploads/2024/01/Lenovo-Yoga-Book-9-13IRU8-i7-1-300x300.jpg
Lenovo Legion Gaming Pro 5 16ARX8 – Ryzen 9,675000.0,"| – AMD Ryzen 9 – 7945HX Processor | 
– 1TB SSD M.2 2280 PCIe NVMe | 
– 32GB (2 x 16GB) DDR5 5200MHz RAM | 
– 16″ WQXGA (2560×1600), 240Hz IPS Display | 
– 8GB NVIDIA GeForce RTX 4070 Graphics | 
– Onyx Grey Color | 
– Windows 11 Home | 
 |",https://www.laptop.lk/product/lenovo-legion-gaming-pro-5-16arx8-ryzen-9/,https://www.laptop.lk/wp-content/uploads/2024/08/Lenovo-Legion-Gaming-Pro-5-16ARX8-Ryzen-9-1-300x300.jpg
MSI Katana 15 B14WFK Intel – i9,630000.0,"| – Intel Core i9 14900HX Processor | 
– 1TB PCIe 4.0 NVMe M.2 SSD | 
– 16GB DDR5 5600Mhz RAM | 
– 15.6″ QHD (2560×1440), 165Hz, IPS-Level Display | 
– 8GB NVIDIA GeForce RTX 5060 Graphics | 
– 4-Zone RGB Gaming Keyboard with Copilot Key | 
– Genuine Windows 11 Home 64Bit Pre-installed | 
– MSI Essential Backpack | 
 |",https://www.laptop.lk/product/msi-katana-15-b14wfk-intel-i9/,https://www.laptop.lk/wp-content/uploads/2025/06/MSI-Katana-15-B14WFK-Intel-i9-300x300.jpg
Lenovo Legion Slim 5 Gaming 16AHP9 – Ryzen 7,609000.0,"| – AMD AI integrated Ryzen 7 8845HS Processor | 
– 1TB SSD M.2 2280 PCIe NVMe | 
– 32GB (2 x 16GB) DDR5-5600 RAM | 
– 16″ WQXGA (2560×1600),165Hz IPS Display | 
– 8GB NVIDIA GeForce RTX 4070 Graphics | 
– 4-Zone RGB Backlit Keyboard | 
– Windows 11 Home | 
 |",https://www.laptop.lk/product/lenovo-legion-slim-5-gaming-16ahp9-ryzen-7/,https://www.laptop.lk/wp-content/uploads/2024/12/Lenovo-Legion-Slim-5-Gaming-16AHP9-–-Ryzen-7-0-300x300.webp
Lenovo Yoga Pro 7 14IMH9 – Ultra 9  Creator Model,599000.0,"| – Intel Core Ultra 9 185H AI Processor | 
– 1TB M.2 PCIe NVMe SSD | 
– 32GB LPDDR5x RAM | 
– 14.5″ 3K (3072×1920), IPS Touch Display | 
– 8GB NVIDIA GeForce RTX 4060 Graphics | 
– Backlit, English (EU) | 
– Windows 11 Home | 
 |",https://www.laptop.lk/product/lenovo-yoga-pro-7-creator-14imh9-ultra-9/,https://www.laptop.lk/wp-content/uploads/2024/09/Lenovo-Yoga-Pro-7-Creator-14IMH9-Ultra-9-300x300.webp
Lenovo Legion Gaming Pro 5 16ARX8 – Ryzen 9,588000.0,"| – AMD Ryzen 9 7945HX Processor | 
– 1TB M.2 PCIe NVMe SSD | 
– 32GB (2x 16GB) DDR5-5200 RAM | 
– 16″, WQXGA (2560×1600), IPS Display | 
– 8GB NVIDIA GeForce RTX 4060 Graphics | 
– 4-Zone RGB Backlit Keyboard | 
– Windows 11 Home | 
 |",https://www.laptop.lk/product/lenovo-legion-gaming-pro-5-16arx8-ryzen-9-2/,https://www.laptop.lk/wp-content/uploads/2024/08/Lenovo-Legion-Pro-5-16ARX8-300x300.png
MSI Katana 15 Gaming B13VGK – i9,585000.0,"| – Intel Core i9-13900H Processor | 
– 1TB NVMe PCIe Gen4x4 SSD | 
– 16GB DDR5 5200MHz RAM | 
– 8GB NVIDIA GeForce RTX 4070 Graphics | 
– 15.6″, QHD (2560 x 1440), 165Hz Display | 
– 4-Zone RGB Gaming Keyboard | 
– Windows 11 Home | 
 |",https://www.laptop.lk/product/msi-katana-15-gaming-b13vgk-i9/,https://www.laptop.lk/wp-content/uploads/2024/07/MSI-Katana-15-Gaming-B13VGK-300x300.webp
Lenovo Yoga Pro 7 14ASP9 – Ryzen AI 9,499000.0,"| – AMD Ryzen AI 9 365 Processor | 
– 1TB M.2 PCIe 4.0×4 NVMe SSD | 
– 32GB LPDDR5x-7500 RAM | 
– AMD Radeon 880M Graphics | 
– 14.5″ 2.8K (2880×1800) OLED 400nits Glossy, | 
100% P3, 100% sRGB, 120Hz Display | 
– Backlit, English Keyboard | 
– Windows 11 Home | 
– Office Home 2024 | 
 |",https://www.laptop.lk/product/lenovo-yoga-pro-7-14asp9-ryzen-9/,https://www.laptop.lk/wp-content/uploads/2025/02/Lenovo-Yoga-Pro-7-14ASP9-–-AI-Ryzen-9-300x300.jpg
Lenovo Legion Slim 5 Gaming 16AHP9 – Ryzen 7,499000.0,"| – AMD AI integrated Ryzen 7 8845HS Processor | 
– 1TB SSD M.2 2280 PCIe NVMe | 
– 16GB DDR5-5600 RAM | 
– 16″ WQXGA (2560×1600),165Hz IPS Display | 
– 8GB NVIDIA GeForce RTX 4060 Graphics | 
– 4-Zone RGB Backlit Keyboard | 
– Windows 11 Home | 
 |",https://www.laptop.lk/product/lenovo-legion-slim-5-16ahp9-ryzen-7/,https://www.laptop.lk/wp-content/uploads/2024/12/Lenovo-Legion-Slim-5-Gaming-16AHP9-–-Ryzen-7-d-1-300x300.jpg
Dell Inspiron G15 5511 Gaming – i7,499000.0,"| – Intel Core i7 11th Gen Processor | 
– 8GB DDR4 Ram | 
– 512GB SSD Hard Drive | 
– 4GB GeForce RTX 3050 GDDR6 | 
– 15.6″, FHD (1920 x 1080) 120Hz | 
– Office Home and Student 2021 | 
– Specter Green & Dark Shadow Gray | 
– Windows 11 | 
 |",https://www.laptop.lk/product/dell-inspiron-g5-5511-i7-gaming/,https://www.laptop.lk/wp-content/uploads/2021/12/Dell-Inspiron-G15-5511-i7-Gaming-300x300.webp
MSI Cyborg Gaming 15 AI A1VFK – Ultra 7,480000.0,"| – Intel Core Ultra 7 155H Processor | 
– 512GB M.2 NVME GEN4 SSD | 
– 16GB DDR5 4800MHZ RAM | 
– 15.6″,FHD (1920*1080), 144Hz, IPS Display | 
– 8GB Nvidia GeForce RTX 4060 GDDR6 Graphics | 
– 4-Zone RGB Gaming Keyboard | 
– Windows11 Home | 
 |",https://www.laptop.lk/product/msi-cyborg-gaming-15-ai-a1vfk-ultra-7-2/,https://www.laptop.lk/wp-content/uploads/2024/06/MSI-Cyborg-Gaming-15-AI-A1VFK-Ultra-7-300x300.webp
HP Spectre x360 2-in-1 – Ultra 7,479000.0,"| – Intel Core Ultra 7 155H Processor | 
– 1TB PCIe Gen4 NVMe TLC M.2 SSD | 
– 16GB LPDDR5x-7467 MHz RAM | 
– 14″, 2.8K (2880 x 1800), OLED Touch Display | 
– Intel Arc Graphics | 
– Fingerprint reader | 
– Windows 11 Home | 
 |",https://www.laptop.lk/product/hp-spectre-x360-2-in-1-ultra-7/,https://www.laptop.lk/wp-content/uploads/2025/03/HP-Spectre-x360-2-in-1-Ultra-7-300x300.jpg
MSI Cyborg Gaming 15 AI A1VFK – Ultra 7,469000.0,"| – Intel Core Ultra 7 155H Processor | 
– 1TB M.2 NVME GEN4 SSD | 
– 16GB DDR5 4800MHZ RAM | 
– 15.6″,FHD (1920*1080), 144Hz, IPS Display | 
– 8GB Nvidia GeForce RTX 4060 GDDR6 Graphics | 
– 4-Zone RGB Gaming Keyboard | 
– Windows11 Home | 
 |",https://www.laptop.lk/product/msi-cyborg-gaming-15-ai-a1vfk-ultra-7/,https://www.laptop.lk/wp-content/uploads/2024/04/MSI-Cyborg-Gaming-15-AI-A1VFK-Ultra-7-300x300.jpg
MSI Katana 15 Gaming B13VFK – i7,465000.0,"| – Intel Core i7-13620H Processor | 
– 1TB NVMe PCIe Gen4x4 SSD | 
– 16GB DDR5 5200MHz RAM | 
– 8GB NVIDIA GeForce RTX 4060 Graphics | 
– 15.6″ FHD (1920×1080), 144Hz, IPS-Level Thin Bezel Display | 
– 4-Zone RGB Gaming Keyboard | 
 |",https://www.laptop.lk/product/msi-katana-15-gaming-b13vfk-i7/,https://www.laptop.lk/wp-content/uploads/2024/08/MSI-Katana-15-Gaming--300x300.webp
Lenovo IdeaPad Pro 5 16IMH9 – Ultra 7,437000.0,"| – Intel AI Boost integrated Core Ultra 7 155H Processor | 
– 512GB SSD M.2 2242 PCIe NVMe | 
– 16GB LPDDR5x-7467 RAM | 
– 16″, (2048×1280), 120Hz OLED Display | 
– 6GB NVIDIA RTX 3050 GDDR6 Graphics | 
– Arctic Grey Color | 
– Windows 11 Home | 
 |",https://www.laptop.lk/product/lenovo-ideapad-pro-5-16imh9-ultra-7-3/,https://www.laptop.lk/wp-content/uploads/2025/01/Lenovo-IdeaPad-Pro-5-16IMH9-–-Ultra-7-300x300.jpg
Lenovo IdeaPad Pro 5 14IMH9 – Ultra 9,435000.0,"| – Intel Core Ultra 9 185H AI Processor | 
– 1TB M.2 PCIe NVMe SSD | 
– 32GB LPDDR5x RAM | 
– 14″, 2.8K (2880×1800) OLED, 100% DCI-P3, 120Hz Display | 
– Intel Arc Graphics | 
– Backlit Keyboard | 
– Windows 11 Home | 
 |",https://www.laptop.lk/product/lenovo-ideapad-pro-5-14imh9-ultra-9/,https://www.laptop.lk/wp-content/uploads/2024/12/Lenovo-IdeaPad-Pro-5-14IMH9-–-Ultra-9-300x300.jpg
Lenovo LOQ Gaming 15AHP9 – Ryzen 7 (8GB RTX 4060 Graphics),434000.0,"| – AMD AI Integrate Ryzen 7 8845HS Processor | 
– 512GB SSD M.2 2242 PCIe 4.0×4 NVMe | 
– 1 x 16GB DDR5-5600 RAM | 
– 15.6″ FHD (1920×1080) IPS 300nits Anti-glare Display | 
– 100% sRGB, 144Hz, G-SYNC Display | 
– 8GB NVIDIA GeForce RTX 4060 Graphics | 
– 4-Zone RGB Backlit, English (EU) | 
– Windows 11 Home | 
 |",https://www.laptop.lk/product/lenovo-loq-gaming-15ahp9-ryzen-7-8gb-rtx-4060-graphics/,https://www.laptop.lk/wp-content/uploads/2024/08/Lenovo-LOQ-Gaming-15AHP9-Ryzen-7-02-300x300.webp
Lenovo Legion Slim 5 Gaming 16AHP9 – Ryzen 7,419000.0,"| – AMD AI integrated Ryzen 7 8845HS Processor | 
– 512GB M.2 PCIe NVMe SSD | 
– 16GB DDR5-5600 RAM | 
– 16″ WQXGA 2k (2560×1600), 165Hz IPS, 100% sRGB Display | 
– 6GB NVIDIA GeForce RTX 4050 Graphics | 
– 4-Zone RGB Backlit Keyboard | 
– Windows 11 Home | 
 |",https://www.laptop.lk/product/lenovo-legion-slim-5-gaming-16ahp9-ryzen-7-2/,https://www.laptop.lk/wp-content/uploads/2024/12/Lenovo-Legion-Slim-5-Gaming-16AHP9-–-Ryzen-7-1-300x300.jpg
MSI Cyborg 15 A2RVE Gaming – Core 7,411000.0,"| – Intel Core 7 – 240H Processor | 
– 1TB M.2 SSD NVMe PCIe Gen4 | 
– 16GB DDR5 4800MHZ RAM | 
– 15.6″, FHD (1920×1080) 144Hz IPS Display | 
– 6GB NVIDIA GeForce RTX 4050 GDDR6 GPU | 
– 15.6″, FHD (1920×1080), 144Hz | 
– Single Backlit Keyboard | 
 |",https://www.laptop.lk/product/msi-cyborg-15-a2rve-gaming-core-7/,https://www.laptop.lk/wp-content/uploads/2025/07/MSI-Cyborg-15-A2RVE-Gaming-–-Core-7-300x300.jpg
MSI Katana 15 B13VEK Gaming –  i7,399000.0,"| – Intel Core i7-13620H Processor | 
– 512GB NVMe PCIe Gen4x4 SSD | 
– 16GB DDR5-5200 RAM | 
– 15.6″ FHD (1920×1080), 144Hz, IPS-Level Display | 
– 6GB GeForce RTX 4050 GPU | 
– 4-Zone RGB Gaming Keyboard | 
– Windows 11 Home | 
 | – MSI Essential Backpack | 
 |",https://www.laptop.lk/product/msi-katana-15-b13vek-gaming-i7/,https://www.laptop.lk/wp-content/uploads/2025/07/MSI-Katana-15-B13VEK-Gaming-i7-300x300.jpg
Lenovo IdeaPad Slim 5 16AKP10 – AMD Ryzen AI 7,399000.0,"| – AMD Ryzen AI 7 350 Processor | 
– 1TB M.2 4.0×4 NVMe SSD | 
– 32GB DDR5-5600 RAM | 
– 16″ 2.8K (2880×1800) OLED, 120Hz Display | 
– AMD Radeon 860M Graphics | 
– Luna Grey Color | 
– Windows 11 Home | 
 |",https://www.laptop.lk/product/lenovo-ideapad-slim-5-16akp10-ryzen-ai-7/,https://www.laptop.lk/wp-content/uploads/2025/03/Lenovo-IdeaPad-Slim-5-16AKP10-–-Ryzen-7-1-300x300.jpg
MSI Cyborg 15 Gaming A13VFK – i7,395000.0,"| – Intel Core i7 13620H Processor | 
– 1TB NVMe PCIe SSD | 
– 16GB DDR5 5200Hz RAM | 
– 15.6″, FHD (1920×1080), 144Hz IPS Display | 
– 8GB NVIDIA GeForce RTX 4060 Graphics | 
– Single Backlit Keyboard | 
– FreeDOS | 
 |",https://www.laptop.lk/product/msi-cyborg-15-gaming-a13vf-i7/,https://www.laptop.lk/wp-content/uploads/2024/07/MSI-Cyborg-15-Gaming-A13VFK-300x300.webp
HP Envy 14 X360 2 in 1 fc0121TU – Ultra 7,390000.0,"| – Intel Ultra 7 155U Processor | 
– 1TB PCIe NVMe M.2 SSD | 
– 16GB DDR5 RAM | 
– 14″, (1920 x 1200) WQXGA Touch Screen Display | 
– Intel Graphics | 
– Meteor silver Color | 
– Windows 11 Home | 
 |",https://www.laptop.lk/product/hp-envy-14-x360-2-in-1-fc0121tu-ultra-7/,https://www.laptop.lk/wp-content/uploads/2024/10/HP-Envy-14-X360-2-in-1-fc0121TU-Ultra-7-300x300.webp
MSI Cyborg 15 Gaming A13VF – i7,389000.0,"| – Intel Core i7 13620H Processor | 
– 512GB NVMe PCIe SSD | 
– 16GB DDR5 5200Hz RAM | 
– 15.6″, FHD (1920×1080), 144Hz IPS Display | 
– 8GB NVIDIA GeForce RTX 4060 Graphics | 
– Single Backlit Keyboard | 
– Windows 11 Home | 
 |",https://www.laptop.lk/product/msi-cyborg-15-gaming-a13vf-i7-2/,https://www.laptop.lk/wp-content/uploads/2025/06/MSI-Cyborg-15-Gaming-A13VF-–-i7-01-300x300.jpg
MSI Cyborg 15 A13VE Gaming – i7,379000.0,"| – Intel core i7 -13620H Processor | 
– 1TB M.2 NVMe Gen4 SSD | 
– 16GB DDR5 4800MHZ RAM | 
– 15.6″, FHD, 144Hz Refresh Rate Display | 
– 6GB NVIDIA GeForce RTX 4050 Graphics | 
– Backlit Keyboard | 
 |",https://www.laptop.lk/product/msi-cyborg-15-a13ve-gaming-i7-2/,https://www.laptop.lk/wp-content/uploads/2025/05/MSI-Cyborg-15-A13VE-Gaming-i7-300x300.jpg
Lenovo LOQ Gaming 15ARP9 – Ryzen 7,375000.0,"| – AMD Ryzen 7 7435HS AI Processor | 
– 512GB M.2 NVMe SSD | 
– 24GB DDR5-4800 RAM | 
– 15.6″ FHD (1920×1080) IPS 300nits Anti-glare Display | 
– 100% sRGB, 144Hz, G-SYNC Display | 
– 8GB NVIDIA GeForce RTX 4060 Graphics | 
– White Backlit Keyboard | 
– Windows 11 Home | 
 |",https://www.laptop.lk/product/lenovo-loq-gaming-15arp9-ryzen-7-2/,https://www.laptop.lk/wp-content/uploads/2024/10/Lenovo-LOQ-Gaming-15ARP9-Ryzen-7-300x300.webp
Lenovo LOQ Gaming 15AHP9 – Ryzen 7,369000.0,"| – AMD AI Integrate Ryzen 7 8845HS Processor | 
– 512GB SSD M.2 2242 PCIe 4.0×4 NVMe | 
– 1 x 16GB  DDR5-5600 RAM | 
– 15.6″ FHD (1920×1080) IPS 300nits Anti-glare Display | 
– 100% sRGB, 144Hz, G-SYNC Display | 
– 6GB NVIDIA GeForce RTX 4050 Graphics | 
– White Backlit Keyboard | 
– Windows 11 Home | 
 |",https://www.laptop.lk/product/lenovo-loq-gaming-15ahp9-ryzen-5-copy/,https://www.laptop.lk/wp-content/uploads/2024/08/Lenovo-LOQ-Gaming-15AHP9-–-Ryzen-7-300x300.jpg
HP Victus 15 fa1251TX Gaming – i7,365000.0,"| – Intel Core i7 – 13700H Processor | 
– 512GB M.2 NVMe SSD | 
– 8GB DDR4 – 3200MHz RAM | 
– 15.6″, FHD 1920 x 1080, IPS Display | 
– 6GB NVIDIA GeForce RTX 3050 Graphics | 
– Windows 11 Home | 
– Office Home; Student 2021 | 
– Performance Blue Color | 
 |",https://www.laptop.lk/product/hp-victus-15-fa1251tx-gaming-laptop-i7/,https://www.laptop.lk/wp-content/uploads/2024/02/HP-Victus-15-fa1251TX-Gaming-i7-1-300x300.webp
MSI Cyborg 15 Gaming A13VEK – i7,360000.0,"| – Intel Core i7 13620H Processor | 
– 512GB NVMe PCIe SSD | 
– 16GB DDR5 5200Hz RAM | 
– 15.6″, FHD (1920×1080), 144Hz IPS Display | 
– 6GB NVIDIA GeForce RTX 4050 Graphics | 
– 4-Zone RGB Gaming Keyboard | 
– FreeDOS | 
 |",https://www.laptop.lk/product/msi-cyborg-15-gaming-a13vek-i7/,https://www.laptop.lk/wp-content/uploads/2024/08/MSI-Cyborg-15-Gaming-A13VEK-–-i7-300x300.png
Lenovo IdeaPad Pro 5 16IMH9 – Ultra 7,355000.0,"| – Intel AI Boost integrated Core Ultra 7 155H Processor | 
– 512GB SSD M.2 2242 PCIe NVMe | 
– 16GB LPDDR5x-7467 RAM | 
– 16″, (2048×1280), 120Hz OLED Display | 
– Intel Arc Graphics | 
– Arctic Grey Color | 
– Windows 11 Home | 
 | Free Gifts | 
– Laptop Backpack | 
– Wireless Mouse | 
– Laptop Pouch | 
– Logitech Mouse Pad | 
– Adata 32GB USB Flash Drive | 
 |",https://www.laptop.lk/product/lenovo-ideapad-pro-5-16imh9-ultra-7-2/,https://www.laptop.lk/wp-content/uploads/woocommerce-placeholder-300x300.png
HP Pavilion x360 2-in-1 ek1119TU –  i7,349000.0,"| – Intel Core i7-1355U Processor | 
– 1TB PCIe NVMe M.2 SSD | 
– 16GB DDR4-3200 MHz RAM | 
– 14″, FHD (1920 x 1080) Touch Display | 
– Intel Iris Xe Graphics | 
– Backlit Keyboard | 
– Windows 11 Home | 
 |",https://www.laptop.lk/product/hp-pavilion-x360-2-in-1-ek1119tu-i7/,https://www.laptop.lk/wp-content/uploads/2024/10/HP-Pavilion-x360-2-in-1-08-300x300.webp
HP Elitebook 840 G9 – i5,348000.0,"| – Intel Core i5-1235U Processor | 
– 8GB DDR5-4800 MHz RAM | 
– 512GB PCIe NVMe M.2 SSD | 
– 14″, WUXGA (1920×1200), IPS Display | 
– Intel Iris Xe Graphics | 
– Backlit Keyboard | 
– Silver Color | 
– Windows 11 Pro | 
 |",https://www.laptop.lk/product/hp-elitebook-840-g9-i5/,https://www.laptop.lk/wp-content/uploads/2022/09/HP-Elitebook-840-G9-–-i5-300x300.webp
Lenovo LOQ Gaming 15AHP9 – Ryzen 5,345000.0,"| – AMD AI integrate Ryzen 5 8645HS Processor | 
– 512GB SSD M.2 2242 PCIe 4.0×4 NVMe | 
– 1 x 16GB DDR5-5600 RAM | 
– 15.6″ FHD (1920×1080), 144Hz IPS Display | 
– 6GB NVIDIA GeForce RTX 4050 Graphics | 
– White Backlit Keyboard | 
– Windows 11 Home | 
 |",https://www.laptop.lk/product/lenovo-loq-gaming-15ahp9-ryzen-5/,https://www.laptop.lk/wp-content/uploads/2024/08/Lenovo-LOQ-Gaming-15AHP9-300x300.webp
Lenovo LOQ Gaming 15ARP9 – Ryzen 7,345000.0,"| – AMD Ryzen 7 7435HS AI Processor | 
– 512GB M.2 NVMe SSD | 
– 24GB DDR5-4800 RAM | 
– 15.6″ FHD (1920×1080) IPS 300nits Anti-glare Display | 
– 100% sRGB, 144Hz, G-SYNC Display | 
– 6GB NVIDIA GeForce RTX 4050 Graphics | 
– White Backlit Keyboard | 
– Windows 11 Home | 
 |",https://www.laptop.lk/product/lenovo-loq-gaming-15arp9-ryzen-7/,https://www.laptop.lk/wp-content/uploads/2024/10/Lenovo-LOQ-Gaming-15ARP9-–-Ryzen-7-300x300.jpg
HP Pavilion x360 2-in-1 ek1115TU – i7,345000.0,"| – Intel Core i7-1355U Processor | 
– 512GB PCIe NVMe M.2 SSD | 
– 16GB DDR4-3200 MHz RAM | 
– 14″, FHD (1920 x 1080) IPS Display | 
– Intel Iris Xe Graphics | 
– Backlit keyboard | 
– Windows 11 Home | 
 |",https://www.laptop.lk/product/hp-pavilion-x360-2-in-1-ek1115tu-i7/,https://www.laptop.lk/wp-content/uploads/2024/10/HP-Pavilion-x360-2-in-1-02-300x300.webp
Dell G15 5511 Gaming – i5,345000.0,"| – Intel Core i5 11th Gen Processor | 
– 8GB DDR4 Ram | 
– 256GB SSD Hard Drive | 
– 4GB GeForce RTX 3050 GDDR6 | 
– 15.6″, FHD (1920 x 1080) 120Hz | 
– Office Home and Student 2021 | 
– Specter Green & Dark Shadow Gray | 
– Windows 11 | 
 |",https://www.laptop.lk/product/dell-g5-5511-i5-gaming/,https://www.laptop.lk/wp-content/uploads/2022/06/Dell-G15-5511-i5-Gaming-300x300.webp
MSI Cyborg 15 A2RUDX Gaming – Core 7,340000.0,"| – Intel Core 7 – 240H Processor | 
– 1TB M.2 NVMe PCIe GEN4 SSD | 
– 16GB DDR5  | 4800MHZ  | RAM | 
– 15.6″, FHD, 144Hz Refresh Rate Display | 
– 6GB NVIDIA GeForce RTX 3050 Graphics | 
– Single Backlit Keyboard | 
 |",https://www.laptop.lk/product/msi-cyborg-15-a2rudx-gaming-core-7/,https://www.laptop.lk/wp-content/uploads/2025/07/MSI-Cyborg-15-A12UDX-Gaming-–-Core-7-300x300.jpg
Lenovo Yoga 7 2-in-1 14AHP9 –  Ryzen 7,340000.0,"| – AMD AI Integrated Ryzen 7 8840HS Processor | 
– 1TB SSD M.2 PCIe 4.0×4 NVMe | 
– 16GB LPDDR5x-6400 RAM | 
– 14″ WUXGA, (1920×1200) IPS, Touch Display | 
– AMD Radeon 760M Graphics | 
– Backlit With English Keyboard | 
– Windows 11 Home | 
 |",https://www.laptop.lk/product/lenovo-yoga-7-2-in-1-14ahp9-ryzen-7/,https://www.laptop.lk/wp-content/uploads/2024/08/Lenovo-Yoga-7-2-in-1-14AHP9-08-300x300.webp
Lenovo IdeaPad Slim 5 14AKP10 – Ryzen AI 7,337000.0,"| – AMD Ryzen AI 7 350 Processor | 
– Integrated AMD Ryzen AI, up to 50 TOPS | 
– 512GB M.2 2242 PCIe NVMe SSD | 
– 32GB SO-DIMM DDR5-4800 RAM | 
– 14″ WUXGA (1920×1200) OLED, 400nits Glossy, Display | 
– AMD Radeon 860M Graphics | 
– Backlit, English Keyboard | 
– Windows 11 Home | 
 |",https://www.laptop.lk/product/lenovo-ideapad-slim-5-14akp10-ryzen-ai-7-3/,https://www.laptop.lk/wp-content/uploads/2025/09/Gellary-1-300x300.jpg
MSI Cyborg 15 Gaming A13UDX – i7,330000.0,"| – Intel Core i7-13620H Processor | 
– 1TB NVMe PCIe SSD | 
– 16GB DDR5 4800MHZ RAM | 
– 15.6″ FHD (1920×1080), 144Hz, IPS Display | 
– 6GB NVIDIA GeForce RTX 3050 Graphics | 
– Single Backlit Keyboard | 
– Translucent Black Color | 
 |",https://www.laptop.lk/product/msi-cyborg-15-gaming-a13udx-i7-3/,https://www.laptop.lk/wp-content/uploads/2025/07/MSI-CYBORG-15-A13UDX-LAPTOP-300x300.jpg
Lenovo IdeaPad Slim 5 14IMH9 – Ultra 7,330000.0,"| – Intel Core Ultra 7 155H AI Processor | 
– 1TB M.2 PCIe NVMe SSD | 
– 16GB LPDDR5x-7467 RAM | 
– 14″ WUXGA (1920×1200) OLED 100% DCI-P3 Display | 
– Intel Arc Graphics | 
– Backlit, English Keyboard | 
– Windows 11 Home | 
 |",https://www.laptop.lk/product/lenovo-ideapad-slim-5-14imh9-ultra-7/,https://www.laptop.lk/wp-content/uploads/2024/12/Lenovo-IdeaPad-Slim-5-14IMH9-–-Ultra-7-1-300x300.jpg
MSI Cyborg 15 Gaming A13UDX – i7,330000.0,"| – Intel Core i7-13620H Processor | 
– 512GB NVMe PCIe SSD | 
– 16GB DDR5 5200MHz RAM | 
– 15.6″ FHD (1920×1080), 144Hz, IPS Display | 
– 6GB NVIDIA GeForce RTX 3050 Graphics | 
– Single Backlit Keyboard | 
– FreeDOS | 
 |",https://www.laptop.lk/product/msi-cyborg-15-gaming-a13udx-i7/,https://www.laptop.lk/wp-content/uploads/2024/08/MSI-Cyborg-15-Gaming-A13UDX-–-i7-300x300.webp
MSI Cyborg 15 A12VE Gaming – i7,330000.0,"| – Intel Core i7 – 12650H Processor | 
– 16GB DDR5 4800MHZ RAM | 
– 512GB M.2 NVME Gen4 SSD | 
– 15.6″, FHD, 144Hz Refresh Rate Display | 
– 6GB NVIDIA GeForce RTX 4050 Graphics | 
– 53.5 WHrs Battery Type | 
– Dos | 
 |",https://www.laptop.lk/product/msi-cyborg-15-a12ve-i7/,https://www.laptop.lk/wp-content/uploads/2022/01/MSI-Cyborg-15-A12VE-–-i5-Gaming-300x300.jpg
Lenovo IdeaPad 5 2-in-1 14AKP10 – Ryzen AI 7,325000.0,"| – AMD Ryzen AI 7 350 Processor | 
– Integrated AMD Ryzen AI, up to 50 TOPS | 
– 512GB M.2 2242 PCIe NVMe SSD | 
– 24GB SO-DIMM DDR5-4800 RAM | 
– 14″ WUXGA (1920×1200) OLED, 400nits Glossy, Touch Display | 
– AMD Radeon 840M Graphics | 
– Backlit, English Keyboard | 
– Windows 11 Home | 
 |",https://www.laptop.lk/product/lenovo-ideapad-slim-5-14akp10-ryzen-ai-7-2/,https://www.laptop.lk/wp-content/uploads/2025/09/Gellary-300x300.jpg
Lenovo IdeaPad Slim 5 16AKP10 – Ryzen AI 5,322000.0,"| – AMD Ryzen AI 5 340 Processor | 
– Integrated AMD Ryzen AI up to 50 TOPS | 
– 1TB M.2 PCIe 4.0×4 NVMe SSD | 
– 24GB SO-DIMM DDR5-4800 RAM | 
– 16″ 2.8K (2880×1800) OLED, 120Hz Display | 
– AMD Radeon 840M Graphics | 
– Backlit English Keyboard | 
– Windows 11 Home | 
 |",https://www.laptop.lk/product/lenovo-ideapad-slim-5-16akp10-ryzen-ai-5/,https://www.laptop.lk/wp-content/uploads/2025/04/Lenovo-IdeaPad-Slim-5-16AKP10-Ryzen-AI-5-300x300.jpg
Lenovo IdeaPad Slim 5 14AKP10 – Ryzen AI 7,322000.0,"| – AMD Ryzen AI 7 350 Processor | 
– Integrated AMD Ryzen AI, up to 50 TOPS | 
– 1TB M.2 2242 PCIe NVMe SSD | 
– 24GB SO-DIMM DDR5-4800 RAM | 
– 14″ WUXGA (1920×1200) OLED, 400nits Glossy Display | 
– AMD Radeon 840M Graphics | 
– Backlit, English Keyboard | 
– Windows 11 Home | 
 |",https://www.laptop.lk/product/lenovo-ideapad-slim-5-14akp10-ryzen-ai-7/,https://www.laptop.lk/wp-content/uploads/2025/04/Lenovo-IdeaPad-Slim-5-14AKP10-1-300x300.jpg
HP ProBook 460 16″ G11 – Ultra 7,315000.0,"| – Intel Core Ultra 7 155H Processor | 
– 512GB PCIe NVMe SSD | 
– 8GB DDR5-5600 MT/s RAM | 
– 16” diagonal, WUXGA (1920 x 1200), Display | 
– Intel Graphics | 
– Pike silver Color | 
 | Free Gifts  | 
– Laptop Backpack | 
– Wireless Mouse | 
– Laptop Pouch | 
– Logitech Mouse Pad | 
– Adata 32GB USB Flash Drive | 
 |",https://www.laptop.lk/product/hp-probook-460-16-g11-ultra-7/,https://www.laptop.lk/wp-content/uploads/woocommerce-placeholder-300x300.png
Dell Inspiron 16 7640 2 in 1 – Ultra 7,310000.0,"| – Intel Core Ultra 7 155H processor | 
– 1TB, M.2 2230, Gen 4 PCIe NVMe, SSD | 
– 16GB LPDDR5x 6400 MT/s RAM | 
– 16″ 16:10 FHD (1920 x 1200) Touch 300nits Display | 
– fingerprint | 
– Intel Arc Graphics | 
– backlit keyboard | 
– Windows 11 Home | 
 |",https://www.laptop.lk/product/dell-inspiron-16-7640-2-in-1-ultra-7/,https://www.laptop.lk/wp-content/uploads/2025/09/Dell-Inspiron-16-7640-2-in-1-1-300x300.jpg
Lenovo IdeaPad Slim 5 16IMH9 – Ultra 7,309000.0,"| – Intel Core Ultra 7 155H AI Processor | 
– 512GB M.2 PCIe NVMe SSD | 
– 16GB LPDDR5x-7467 RAM | 
– 16″ WUXGA (1920×1200) IPS 100% sRGB, 60Hz Display | 
– Intel Arc Graphics | 
– Backlit, English Keyboard | 
– Windows 11 Home | 
 |",https://www.laptop.lk/product/lenovo-ideapad-slim-5-16imh9-ultra-7/,https://www.laptop.lk/wp-content/uploads/2024/12/Lenovo-IdeaPad-Slim-5-16IMH9-Ultra-7-300x300.jpg
Hp Victus 15 fb2132Ax Gaming – Ryzen 7,309000.0,"| – AMD Ryzen 7-8845HS Processor | 
– 1TB Gen4 NVMe Performance M.2 SSD | 
– 16GB DDR5-5600 RAM | 
– 6GB NVIDIA GeForce RTX 3050 Graphics | 
– 15.6″ FHD 144Hz IPS Anti-Glare Display | 
– Backlit, performance blue keyboard | 
– Windows 11 Home | 
 |",https://www.laptop.lk/product/hp-victus-fb2132ax-gaming-ryzen-7/,https://www.laptop.lk/wp-content/uploads/2024/11/Hp-Victus-fb2132Ax-Gaming-Ryzen-7-300x300.webp
MSI Cyborg 15 A12VE Gaming – i5,300000.0,"| – Intel Core i5 – 12450H Processor | 
– 512GB M.2 NVMe Gen4 SSD | 
– 16GB DDR5 4800MHZ RAM | 
– 15.6″, FHD, 144Hz Refresh Rate Display | 
– 6GB NVIDIA GeForce RTX 4050 Graphics | 
– Single Backlit Keyboard | 
– FreeDOS | 
 |",https://www.laptop.lk/product/msi-cyborg-15-a12ve-i5/,https://www.laptop.lk/wp-content/uploads/2023/12/MSI-CYBORG-15-A12VE-01-300x300.jpg
HP ProBook 450 G9 – i7,300000.0,"| – Intel Core i7 – 1255U Processor | 
– 512GB NVMe SSD | 
– 8GB DDR4 3200 RAM | 
– 15.6″, FHD (1920 x 1080), IPS Display | 
– Intel UHD Graphics | 
– Dual stereo speakers | 
– Windows 11 Pro | 
 |",https://www.laptop.lk/product/hp-probook-450-g9-i7/,https://www.laptop.lk/wp-content/uploads/2023/03/HP-ProBook-450-G9-i7-1255U-300x300.webp
Acer Nitro V 15 ANV15-51-52AM Gaming – i7,299000.0,"| – Intel Core i7- 13620H Processor | 
– 1TB PCIe NVMe SSD | 
– 32GB DDR5 RAM | 
– 15.6″, 1920 x 1080, 144 Hz Refresh Rate, IPS Display | 
– 6GB NVIDIA GeForce RTX 4050 Laptop GPU Graphics | 
– Backlit keyboard | 
– Windows 11 Home | 
 | Free Gifts  | 
– Laptop Backpack | 
– Wireless Mouse | 
– Laptop Pouch | 
– Logitech Mouse Pad | 
– Adata 32GB USB Flash Drive | 
 |",https://www.laptop.lk/product/acer-nitro-v-15-anv15-51-52am-gaming-i7-2/,https://www.laptop.lk/wp-content/uploads/2025/09/ACER-NITRO-V-15-COREi7-300x300.jpg
MSI Cyborg 15 Gaming A13UCX – i7,290000.0,"| – Intel Core i7-13620H processor | 
– 512GB NVMe PCIe SSD | 
– 16GB DDR5 5200MHz RAM | 
– 15.6″, FHD (1920×1080), 144Hz, IPS Display | 
– 4GB NVIDIA GeForce RTX 2050 Graphics | 
– Single Backlit Keyboard | 
– FreeDos | 
 |",https://www.laptop.lk/product/msi-cyborg-15-gaming-a13ucx-i7-2/,https://www.laptop.lk/wp-content/uploads/2023/07/MSI-Cyborg-15-Gaming-A13UCX-–-i7-300x300.jpg
Lenovo IdeaPad Slim 5 14IMH9 – Ultra 5,289000.0,"| – Intel Core Ultra 5 125H AI Processor | 
– 512GB M.2 PCIe NVMe SSD | 
– 16GB LPDDR5x-7467 RAM | 
– 14″ WUXGA (1920×1200) OLED 100% DCI-P3 Display | 
– Intel Arc Graphics | 
– Backlit, English Keyboard | 
– Windows 11 Home | 
 |",https://www.laptop.lk/product/lenovo-ideapad-slim-5-14imh9-ultra-5/,https://www.laptop.lk/wp-content/uploads/2024/12/Lenovo-IdeaPad-Slim-5-14IMH9-Ultra-5-300x300.jpg
Asus Zenbook 14 UM3406H – Ryzen 7,289000.0,"| – AMD Ryzen 7 8840HS Processor | 
– AMD XDNA NPU up to 16TOPS | 
– 512GB M.2 NVMe PCIe 4.0 SSD | 
– 16GB LPDDR5X RAM | 
– 14″, WUXGA (1920 x 1200) OLED Touch Display | 
– AMD Radeon Graphics | 
– Backlit Chiclet Keyboard | 
– Windows 11 Home | 
 |",https://www.laptop.lk/product/asus-zenbook-14-um3406h-ryzen-7/,https://www.laptop.lk/wp-content/uploads/2024/11/Asus-Zenbook-14-UM3406H-–-Ryzen-7-300x300.jpg
HP Pavilion x360 2-in-1 ek1112TU – i5,287000.0,"| – Intel Core i5-1335U Processor | 
– 512GB PCIe NVMe M.2 SSD | 
– 8GB DDR4-3200MHz RAM | 
– 14″, FHD (1920 x 1080), Touch Display | 
– Intel Iris Xe Graphics | 
– Backlit keyboard | 
– Windows 11 Home | 
 | Free Gifts  | 
– Laptop Backpack | 
– Wireless Mouse | 
– Laptop Pouch | 
– Logitech Mouse Pad | 
– Adata 32GB USB Flash Drive | 
 |",https://www.laptop.lk/product/hp-pavilion-x360-2-in-1-ek1112tu-i5/,https://www.laptop.lk/wp-content/uploads/woocommerce-placeholder-300x300.png
Lenovo IdeaPad 5 2-in-1 14AKP10 – Ryzen AI 5,285000.0,"| – AMD Ryzen AI 5 340 Processor | 
– Integrated AMD Ryzen AI, up to 50 TOPS | 
– 512GB M.2 PCIe 4.0×4 NVMe SSD | 
– 16GB LPDDR5x-7500 RAM | 
– 14″ WUXGA (1920×1200) IPS, Touch Display | 
– AMD Radeon 840M Graphics | 
– Backlit, English Keyboard | 
– Windows 11 Home | 
 |",https://www.laptop.lk/product/lenovo-ideapad-5-2-in-1-14akp10-ryzen-ai-5/,https://www.laptop.lk/wp-content/uploads/2025/04/Lenovo-IdeaPad-5-2-in-1-14AKP10-–-Ryzen-AI-5-300x300.jpg
HP EliteBook 640 G11 –  Ultra 5,285000.0,"| – Intel Core Ultra 5 125U Processor | 
– Intel vPro Technology | 
– 512GB PCIe NVMe SSD | 
– 8GB DDR5-5600 MT/s RAM | 
– 14″, WUXGA (1920 x 1200), IPS Display | 
– Intel Arc Graphics | 
– Fingerprint reader | 
– Pike silver aluminum Color | 
 |",https://www.laptop.lk/product/hp-elitebook-640-g11-ultra-5/,https://www.laptop.lk/wp-content/uploads/2025/07/HP-EliteBook-640-14-G11-Ultra-5-300x300.jpg
Lenovo IdeaPad Slim 5 16IMH9 – Ultra 5,284000.0,"| – Intel Core Ultra 5 125H AI Processor | 
– 512GB M.2 PCIe NVMe SSD | 
– 16GB LPDDR5x-7467 RAM | 
– 16″ WUXGA (1920×1200) IPS 100% sRGB, 60Hz Display | 
– Intel Arc Graphics | 
– Backlit, English Keyboard | 
– Windows 11 Home | 
 |",https://www.laptop.lk/product/lenovo-ideapad-slim-5-16imh9-ultra-5/,https://www.laptop.lk/wp-content/uploads/2024/12/Lenovo-IdeaPad-Slim-5-16IMH9-Ultra-5-1-300x300.jpg
Asus TUF Gaming FX607VJ – Core 5,278000.0,"| – Intel Core 5 210H Processor | 
– 512GB PCIe 4.0 NVMe M.2 SSD | 
– 16GB DDR4-3200 RAM | 
– 16″, FHD (1920 x 1200, WUXGA), 144Hz IPS Display | 
– 6GB NVIDIA GeForce RTX 3050 Graphics | 
– Backlit Chiclet 1-Zone RGB Keyboard | 
– Mecha Gray Color | 
 |",https://www.laptop.lk/product/asus-tuf-gaming-fx607vj-core-5/,https://www.laptop.lk/wp-content/uploads/2025/11/ASUS-TUF-GAMING-FX607VJ-–-Core-5-6-300x300.jpg
HP Victus 15 fa1394TX Gaming – i5,275000.0,"| – Intel Core i5-13420H Processor | 
– 512GB M.2 NVMe SSD | 
– 8GB DDR4 – 3200MHz RAM | 
– 15.6″, FHD 1920 x 1080, IPS Display | 
– 6GB NVIDIA GeForce RTX 3050 Graphics | 
– Performance Blue Color | 
– Windows 11 Home | 
 |",https://www.laptop.lk/product/hp-victus-15-fa1247tx-gaming-i5/,https://www.laptop.lk/wp-content/uploads/2024/11/HP-Victus-15-300x300.webp
MSI Cyborg 15 Gaming A13UCX – i5,275000.0,"| – Intel Core i5–13420H Processor | 
– 512GB NVMe PCIe SSD | 
– 16GB DDR5 5200MHz RAM | 
– 15.6″, FHD (1920×1080), 144Hz, IPS Display | 
– 4GB NVIDIA GeForce RTX 2050 Graphics | 
– Single Backlit Keyboard | 
– Free Dos | 
 |",https://www.laptop.lk/product/msi-cyborg-15-gaming-a13ucx-i5/,https://www.laptop.lk/wp-content/uploads/2022/07/MSI-Cyborg-15-Gaming-A13UCX-–-i5-300x300.jpg
MSI Cyborg 15 Gaming A13UCX – i5,269000.0,"| – Intel Core i5–13420H Processor | 
– 512GB NVMe PCIe SSD | 
– 16GB DDR5 5200MHz RAM | 
– 15.6″, FHD (1920×1080), 144Hz, IPS Display | 
– 4GB NVIDIA GeForce RTX 2050 Graphics | 
– Single Backlit Keyboard | 
– Windows 11 Home | 
 |",https://www.laptop.lk/product/msi-cyborg-15-gaming-a13ucx-i5-2/,https://www.laptop.lk/wp-content/uploads/2025/02/MSI-Cyborg-15-Gaming-A13UCX-–-i5-300x300.jpg
Lenovo LOQ Gaming 15ARP9 – Ryzen 5,269000.0,"| – AMD Ryzen 5 7235HS AI Processor | 
– 512GB M.2 NVMe SSD | 
– 12GB DDR5-4800 RAM | 
– 15.6″ FHD (1920×1080) IPS 300nits Anti-glare Display | 
– 100% sRGB, 144Hz, G-SYNC Display | 
– 6GB NVIDIA GeForce RTX 3050 Graphics | 
– White Backlit Keyboard | 
– Windows 11 Home | 
 |",https://www.laptop.lk/product/lenovo-loq-gaming-15arp9-ryzen-5/,https://www.laptop.lk/wp-content/uploads/2024/10/Lenovo-LOQ-Gaming-15ARP9-Ryzen-5-300x300.jpg
HP ProBook 440 14 inch G11 – Ultra 5,265000.0,"| – Intel Core Ultra 5 125U Processor | 
– 512GB PCIe NVMe SSD | 
– 8GB DDR5-5600 MT/s RAM | 
– 14″ diagonal, WUXGA (1920 x 1200), Display | 
– Intel Graphics | 
– Pike silver Color | 
 |",https://www.laptop.lk/product/hp-probook-440-14-inch-g11-ultra-5/,https://www.laptop.lk/wp-content/uploads/2025/02/HP-ProBook-440-14-inch-G11-–-Ultra-5-300x300.png
Lenovo IdeaPad Slim 3 16IRU9 – Core 7,265000.0,"| – Intel Core 7 150U Processor | 
– 512GB M.2 PCIe NVMe SSD | 
– 16GB DDR5-5200 RAM | 
– 16″ WUXGA (1920×1200), IPS Display | 
– Intel Graphics | 
– Backlit, English (EU) Keyboard | 
– Windows 11 Home | 
 |",https://www.laptop.lk/product/lenovo-ideapad-slim-3-16iru9-core-7/,https://www.laptop.lk/wp-content/uploads/2024/09/Lenovo-IdeaPad-Slim-3-16IRU9-05-300x300.webp
HP ProBook 450 G10 – i5,254000.0,"| – Intel Core i5-1335U Processor | 
– 8GB DDR4-3200 MHz RAM | 
– 512GB PCIe NVMe M.2 SSD | 
– 15.6″ diagonal, FHD (1920 x 1080), IPS Display | 
– Intel UHD Graphics | 
– Pike silver aluminum Color | 
– FreeDOS | 
 |",https://www.laptop.lk/product/hp-probook-450-g10-i5/,https://www.laptop.lk/wp-content/uploads/2023/10/HP-ProBook-450-G10-–-i5-300x300.webp
Lenovo IdeaPad Slim 3 15IRH10 – i7,249000.0,"| – Intel Core i7-13620H Processor | 
– 1TB M.2 2242 PCIe NVMe SSD | 
– 16GB DDR5-4800 RAM | 
– 15.3″ WUXGA (1920×1200) IPS Display | 
– Intel UHD Graphics | 
– Luna Grey Color | 
 |",https://www.laptop.lk/product/lenovo-ideapad-slim-3-15irh10-i7-2/,https://www.laptop.lk/wp-content/uploads/2025/05/Lenovo-IdeaPad-Slim-3-15IRH10-–-i7-1-300x300.jpg
Asus Vivobook 15 X1504VA – i7,249000.0,"| – Intel Core i7 – 1355U Processor | 
– 512GB NVME M.2 SSD | 
– 16GB DDR4 3200MHZ RAM | 
– 15.6″, FHD, (1920×1080) Display | 
– Intel UHD Graphics | 
– Backlit keyboard | 
– Windows 11 Home | 
– Office Home 2024 | 
 | 
 |",https://www.laptop.lk/product/asus-vivobook-15-x1504va-i7-2/,https://www.laptop.lk/wp-content/uploads/2025/09/Asus-Vivobook-15-X1504VA-–-i7-300x300.jpg
Lenovo IdeaPad Slim 3 15IRH10 – i7,230000.0,"| – Intel Core i7-13620H Processor | 
– 512GB M.2 2242 PCIe NVMe SSD | 
– 16GB DDR5-4800 RAM | 
– 15.3″ WUXGA (1920×1200) IPS Display | 
– Intel UHD Graphics | 
– Backlit Keyboard | 
– IR Camera | 
– Windows | 
 |",https://www.laptop.lk/product/lenovo-ideapad-slim-3-15irh10-i7-3/,https://www.laptop.lk/wp-content/uploads/2025/05/Lenovo-IdeaPad-Slim-3-15IRH10-–-i7-3-300x300.jpg
MSI Modern 15 F1MG 824XLK – Core 5,229000.0,"| – Intel Core 5 120U processor | 
– 512GB SSD (NVMe PCIe Gen4) | 
– 16GB DDR4 3200MHz RAM | 
– 15.6″ FHD Display | 
– Iris Xe Graphics | 
– Urban Silver Color | 
 |",https://www.laptop.lk/product/msi-modern-15-f1mg-824xlk-core-5/,https://www.laptop.lk/wp-content/uploads/2025/09/MSI-Modern-15-F1MG-824XLK-300x300.jpg
Lenovo IdeaPad Slim 3 15ARP10 – Ryzen 7,228000.0,"| – AMD Ryzen 7 7735HS Processor | 
– 512GB M.2 2242 PCIe 4.0×4 NVMe SSD | 
– 16GB DDR5-4800 RAM | 
– 15.3″ WUXGA (1920×1200) IPS Display | 
– AMD Radeon 680M Graphics | 
– Backlit, English (EU) | 
– Windows 11 Home | 
 | Free Gifts  | 
– Laptop Backpack | 
– Wireless Mouse | 
– Laptop Pouch | 
– Logitech Mouse Pad | 
– Adata 32GB USB Flash Drive | 
 |",https://www.laptop.lk/product/lenovo-ideapad-slim-3-15arp10-ryzen-7/,https://www.laptop.lk/wp-content/uploads/woocommerce-placeholder-300x300.png
Asus Vivobook 15 X1502VA BQ5651WS – i5,223000.0,"| – Intel Core i5-13420H Processor | 
– 512GB M.2 NVMe PCIe 4.0 SSD | 
– 16GB DDR4 RAM | 
– 15.6, FHD (1920 x 1080) Display | 
– Intel UHD Graphics | 
– Backlit Chiclet Keyboard | 
– Windows 11 Home | 
– Office Home 2024 | 
 | 
 |",https://www.laptop.lk/product/asus-vivobook-15-x1502va-i5/,https://www.laptop.lk/wp-content/uploads/2025/07/Asus-Vivobook-15-X1502VA-BQ5651WS-–-i5-300x300.jpg
Lenovo IdeaPad Slim 3 15IRH8 – i7,219000.0,"| – Intel Core i7-13620H Processor | 
– 512GB SSD M.2 PCIe NVMe | 
– 16GB Soldered LPDDR5-4800 RAM | 
– 15.6″ FHD (1920×1080) Display | 
– Intel UHD Graphics | 
– Arctic Grey Color | 
– FreeDOS | 
 |",https://www.laptop.lk/product/lenovo-ideapad-slim-3-15irh8-i7-2/,https://www.laptop.lk/wp-content/uploads/2024/11/Lenovo-IdeaPad-Slim-3-15IRH8-–-i7-300x300.webp
Asus ExpertBook P1503CVA – Core 5,219000.0,"| – Intel Core 5 210H Processor | 
– 512GB M.2 NVMe PCIe SSD | 
– 16GB DDR5 SO-DIMM RAM | 
– 15.6″, FHD (1920 x 1080) Display | 
– Intel UHD Graphics | 
– Misty Grey Color | 
 |",https://www.laptop.lk/product/asus-expertbook-p1503cva-core-5-2/,https://www.laptop.lk/wp-content/uploads/2026/02/ASUS-EXPERTBOOK-P1503CVA-1-1-300x300.jpg
Lenovo IdeaPad Slim 3 15IRH10R – Core 5,215000.0,"| – Intel Core 5 210H Processor | 
– 1TB M.2 PCIe 4.0×4 NVMe SSD | 
– 16GB SO-DIMM DDR5-4800 RAM | 
– 15.3″ WUXGA (1920×1200) IPS 300nits Display | 
– Intel Graphics | 
– Luna Grey Color | 
 |",https://www.laptop.lk/product/lenovo-ideapad-slim-3-15irh10r-core-5/,https://www.laptop.lk/wp-content/uploads/2025/05/Lenovo-IdeaPad-Slim-3-15IRH10R-300x300.jpg
Lenovo IdeaPad Slim 3 15IRU9 – Core 5,210000.0,"| – Intel Core 5 120U Processor | 
– 512GB M.2 NVMe SSD | 
– 16GB DDR5-5200 RAM | 
– 15.6″ FHD (1920×1080) Display | 
– Integrated Intel Graphics | 
– Arctic Grey Color | 
– Windows 11 Home | 
 |",https://www.laptop.lk/product/lenovo-ideapad-slim-3-15iru9-core-5/,https://www.laptop.lk/wp-content/uploads/2024/09/Lenovo-IdeaPad-Slim-3-15IRU9-Core-5-300x300.webp
Lenovo IdeaPad Slim 3 15IRH10 – i5,199000.0,"| – Intel Core i5-13420H Processor | 
– 512GB M.2 2242 PCIe NVMe SSD | 
– 16GB DDR5-4800 RAM | 
– 15.3″ WUXGA (1920×1200) IPS Display | 
– Intel UHD Graphics | 
– Luna Grey | 
 |",https://www.laptop.lk/product/lenovo-ideapad-slim-3-15irh10-i5-2/,https://www.laptop.lk/wp-content/uploads/2025/05/Lenovo-IdeaPad-Slim-3-15IRH10-i5-1-300x300.jpg
HP 15 fd1114TU – Core 5,199000.0,"| – Intel Core 5 120U Processor | 
– 512GB PCIe NVMe M.2 SSD | 
– 8GB DDR4-3200 MHz RAM | 
– 15.6″, FHD (1920 x 1080) Display | 
– Intel UHD Graphics | 
– Natural silver | 
– Windows 11 Home | 
 |",https://www.laptop.lk/product/hp-15-fd1114tu-core-5/,https://www.laptop.lk/wp-content/uploads/2025/04/HP-15-fd1114TU-–-Core-5-300x300.jpg
Lenovo IdeaPad Slim 3 15AMN8 – Ryzen 5,189000.0,"| – AMD Ryzen 5 7520U Processor | 
– 512GB M.2 PCIe NVMe SSD | 
– 16GB LPDDR5-5500 RAM | 
– 15.6″ FHD (1920×1080) Display | 
– AMD Radeon 610M Graphics | 
– English Keyboard | 
 |",https://www.laptop.lk/product/lenovo-ideapad-slim-3-15amn8-ryzen-5-6/,https://www.laptop.lk/wp-content/uploads/2026/01/Lenovo-IdeaPad-Slim-3-15AMN8-n-300x300.jpg
Acer Aspire 3 A315 Notebook – Ryzen 5,189000.0,"| – Amd Ryzen 5 – 7520U Processor | 
– 8GB LPDDR5 RAM | 
– 512GB PCIe NVMe SSD | 
– AMD Radeon Graphics | 
– 15.6″, FHD (1920 x 1080) Display | 
– Windows 11 Home | 
– Silver Color | 
 |",https://www.laptop.lk/product/acer-aspire-3-a315-notebook/,https://www.laptop.lk/wp-content/uploads/2023/07/Acer-Aspire-3-A315-Notebook-300x300.webp
Lenovo IdeaPad Slim 3 15IRH8 – i5,188000.0,"| – Intel Core i5-13420H Processor | 
– 512GB M.2 PCIe NVMe SSD | 
– 16GB Soldered LPDDR5-4800 RAM | 
– 15.6″ FHD (1920×1080) Display | 
– Intel UHD Graphics | 
– Arctic Grey Color | 
– FreeDOS | 
 |",https://www.laptop.lk/product/lenovo-ideapad-slim-3-15irh8-i5-3/,https://www.laptop.lk/wp-content/uploads/2024/11/Lenovo-IdeaPad-Slim-3-15IRH8-i5-1-300x300.webp
HP Laptop 15-fd0504TU – Core 5,185000.0,"| –  | Intel Core 5 120U |  Processor | 
– 512GB PCIe NVMe M.2 SSD | 
– 8GB DDR4-3200 MT/s RAM | 
– 15.6″, FHD (1920 x 1080) Display | 
– Intel  Graphics | 
– Natural silver | 
– Windows 11 Home | 
 |",https://www.laptop.lk/product/hp-laptop-15-fd0504tu-core-5-2/,https://www.laptop.lk/wp-content/uploads/2025/07/HP-Laptop-15-fd0504TU-–-i5-300x300.jpg
Dell Inspiron 3520 – i5,159000.0,"| – Intel Core i5 – 1235U Processor | 
– 512GB M.2 NVMe SSD | 
– 8GB DDR4 RAM | 
– 15.6″, FHD, 120Hz Refresh Rate Display | 
– Intel UHD Graphics | 
– Black Color | 
– Windows 11 Home | 
 |",https://www.laptop.lk/product/dell-inspiron-3520-i5-3/,https://www.laptop.lk/wp-content/uploads/2024/12/Dell-Inspiron-3520-–-i5-1-300x300.jpg
HP 15 fd0275TU – i3,154000.0,"| – Intel Core i3 – 1315U Processor | 
– 512GB PCIe NVMe M.2 SSD | 
– 8GB DDR4-3200 MHz RAM | 
– 15.6″, FHD (1920 x 1080) Display | 
– Intel UHD Graphics | 
– Natural silver | 
– Windows 11 Home | 
 |",https://www.laptop.lk/product/hp-15-fd0275tu-i3/,https://www.laptop.lk/wp-content/uploads/2024/11/HP-15-fd0275TU-i3-300x300.webp
HP 15 fd0487TU – i3,154000.0,"| 
 | –  | Intel Core i3-1315U Processor | 
 | –  | 512GB PCIe  | NVMe |  M.2 SSD | 
 | –  | 8GB DDR4-3200 MT/s RAM| | 
 | –  | 15.6″, FHD (1920 x 1080) Display | 
 | –  | Intel UHD Graphics | 
 | –  | Natural silver | 
 | –  | Windows 11 Home | 
 | 
 |",https://www.laptop.lk/product/hp-15-fd0487tu-i3/,https://www.laptop.lk/wp-content/uploads/2025/07/HP-15-fd0487TU-i3-300x300.jpg
Acer Aspire 15 A15 51P – Core 3,149000.0,"| – Acer Intel Core 3 100U processor | 
– 512GB PCIe Gen4 NVMe SSD | 
– 8GB LPDDR5 RAM | 
– 15.6″ FHD (1920×1080) IPS Display | 
– Intel Graphics | 
– Gray Color | 
– Windows 11 Home | 
 |",https://www.laptop.lk/product/acer-aspire-15-a15-51p-core-3/,https://www.laptop.lk/wp-content/uploads/2025/07/Acer-Aspire-15-A15-51P-Core-3-300x300.jpg
MSI Modern 15 F13MG – i3,146000.0,"| – Intel Core i3-1315U Processor | 
– 512GB GEN4 NVME M.2 SSD | 
– 8GB DDR4-3200MHz RAM | 
– 15.6″, FHD (1920 x 1080) IPS Display | 
– Single Backlit Keyboard | 
– Intel graphics | 
 |",https://www.laptop.lk/product/msi-modern-15-f13mg-i3/,https://www.laptop.lk/wp-content/uploads/2025/05/MSI-Modern-15-F13MG-300x300.jpg
Acer Aspire Lite (AL16-52P) – i3,145000.0,"| – Intel Core i3 – 1305U Processor | 
– 256GB NVME M.2 SSD | 
– 8GB DDR5 4800MHZ RAM | 
– 16″ FHD, (1920×1200), IPS Display | 
– Intel UHD Graphics | 
– Windows 11 Home | 
 |",https://www.laptop.lk/product/acer-aspire-lite-al16-52p-i3/,https://www.laptop.lk/wp-content/uploads/2025/03/ACER-AL52P-I3-8GB-256-SIL-01-2-300x300.jpg
HP 15 fc0266AU – Ryzen 3,144900.0,"| – AMD Ryzen 3 7320U Processor | 
– 512GB PCIe NVMe M.2 SSD | 
– 8GB LPDDR5-5500 MHz RAM | 
– 15.6″, FHD (1920 x 1080) Display | 
– AMD Radeon Graphics | 
– Natural silver Color | 
– Windows 11 Home | 
 |",https://www.laptop.lk/product/hp-15-fc0266au-ryzen-3/,https://www.laptop.lk/wp-content/uploads/2024/11/HP-Laptop-15-fc0266AU-300x300.jpg
Asus Vivobook F150VA-BQ149 – i3,138000.0,"| – Intel Core i3-1315U Processor | 
– 512GB M.2 NVMe PCIe SSD | 
– 8GB DDR4 RAM | 
– 15.6″ FHD (1920×1080) Display | 
– Intel UHD Graphics | 
– Backlit keyboard | 
 |",https://www.laptop.lk/product/asus-vivobook-f1504a-bq149-i3/,https://www.laptop.lk/wp-content/uploads/2025/12/Asus-Vivobook-F1504VA-BQ149-i3-300x300.jpg
HP Laptop 15S Fc0387AU – Ryzen 3,129990.0,"| – AMD Ryzen 3 7320U Processor | 
– 512GB PCIe NVMe M.2 SSD | 
– 8GB LPDDR5-5500 MT/s RAM | 
– 15.6″, FHD (1920 x 1080) Display | 
– AMD Radeon Graphics | 
– Natural silver | 
– Windows 11 Home | 
 |",https://www.laptop.lk/product/hp-laptop-15s-fc0387au-ryzen-3/,https://www.laptop.lk/wp-content/uploads/2025/03/HP-Laptop-15S-Fc0387AU-Ryzen-3-300x300.jpg
Dell Vostro 3530 – i3,129000.0,"| – Intel Core i3- 1305UProcessor | 
– 512GB M.2 PCIe NVMe SSD | 
– 8GB DDR4 3200MHz RAM | 
– 15.6″, FHD, 120Hz Refresh Rate Display | 
– Intel UHD Graphics | 
– Black Color | 
 |",https://www.laptop.lk/product/dell-vostro-3530-i3/,https://www.laptop.lk/wp-content/uploads/2025/05/Dell-Vostro-3530-–-i3-300x300.jpg
Lenovo IdeaPad Slim 3 15IAN8 – Intel N100,112000.0,"| – Intel N100 Processor | 
– 512GB M.2 2242 PCIe 4.0×4 NVMe SSD | 
– 8GB LPDDR5-4800 RAM | 
– Intel UHD Graphics | 
– 15.6″ FHD (1920×1080) 250nits Display | 
– Arctic Grey Color | 
 |",https://www.laptop.lk/product/lenovo-ideapad-slim-3-15ian8-intel-n100/,https://www.laptop.lk/wp-content/uploads/2025/08/Lenovo-IdeaPad-Slim-3-15IAN8-Intel-N100-300x300.jpg
Intel 11Gen Core i7 11400F Processor,101500.0,"| – Intel Brand | 
– BX8070811400F Part Number | 
– Intel Core i7 Processor Series | 
– LGA 1200 CPU Socket Type | 
 |",https://www.laptop.lk/product/intel-11gen-core-i7-11400f-processor/,https://www.laptop.lk/wp-content/uploads/2023/07/1-80-300x300.jpg
Intel 12Gen Core i5 12400F Processor,58500.0,"| – BX8071512400F Model | 
– Processor Model Intel i5-12400F | 
– Intel Core i5 Processor Series | 
– Processor Generation 12th Generation | 
– Processor Socket LGA 1700 | 
 |",https://www.laptop.lk/product/intel-12gen-core-i5-12400f-processor/,https://www.laptop.lk/wp-content/uploads/2023/07/1-81-300x300.jpg
Intel 10Gen Core i5 10400 Processor,45500.0,"| – 6 Cores / 12 Threads | 
– Socket type LGA 1200 | 
– Up to 4. 3 GHz | 
– Compatible with Intel 400 series chipset based motherboards | 
– Intel Optane Memory support | 
– Cooler included | 
 |",https://www.laptop.lk/product/intel-10gen-core-i5-10400-processor/,https://www.laptop.lk/wp-content/uploads/2023/07/1-73-300x300.jpg
Intel 10Gen G6400 Pentium Gold Processor,26000.0,"| – Intel Pentium Gold G6400 | 
– Base Frequency 4.0GHz | 
– Smart Cache 4MB | 
– TDP 58 | 
– Memory Max 128 GB | 
 |",https://www.laptop.lk/product/intel-10gen-g6400-pentium-gold-processor/,https://www.laptop.lk/wp-content/uploads/2023/07/1-70-300x300.jpg
Intel 10Gen G6405 Pentium Gold Processor,25500.0,"| – Intel Pentium Gold G6405 Model | 
– Socket Supported FCLGA1200 | 
– Speed 4.10 GHz, Cores- 2 & Threads- 4 | 
– 4M Intel Smart Cache | 
– Intel UHD Graphics 610 | 
 | 
 |   |",https://www.laptop.lk/product/intel-10gen-g6405-pentium-gold-processor/,https://www.laptop.lk/wp-content/uploads/2023/07/1-72-300x300.jpg
